 got next. coming early 2013 Home New Contact Us widget 1 Want one? Sign in Europe Albania Armenia Austria Azerbaijan Belarus Belgium Bosnia Bulgaria Croatia Cyprus Czech Rep. Denmark Estonia Finland France FYR Macedonia Georgia Germany Greece Holland Hungary Iceland Ireland Israel Italy Kosovo Latvia Lithuania Luxembourg Malta Moldova Montenegro Norway Poland Portugal Romania Russia Scotland Serbia Slovakia Slovenia Spain Sweden Switzerland Turkey Ukraine United Kingdom North America US Men Pro Canada - NBLCanada - LBQ - CIS / CCAA US Colleges - NCAA1 - NCAA2 - NCAA3 - NAIA - JUCO US Women Pro - WABA - WBCBL - WNBA - WUBA Latin America Anguilla Antigua Argentina Aruba Bahamas Barbados Belize Bermudas Bolivia Brazil Brit.V.Isl. Cayman Isl. Chile Colombia Costa Rica Cuba Dominica Dominican Rep. Ecuador El Salvador Guatemala Guyana Haiti Honduras Jamaica Mexico Nicaragua Panama Paraguay Peru P.Rico St.Kitts St.Lucia St.Vincent Surinam Trinidad Turks/Caicos Uruguay US V.Isl. Venezuela Asia Middle East Basketball Afghanistan Bahrain Bangladesh Brunei Cambodia China Hong Kong India Indonesia Iran Iraq Japan Jordan Kazakhstan Kyrgyzstan Kuwait Laos Lebanon Macau Malaysia Maldives Mongolia Myanmar North Korea Nepal Oman Pakistan Palestine Philippines Qatar Saudi Arabia Singapore S.Korea Sri Lanka Syria Taiwan Thailand Turkmenistan UAE Uzbekistan Vietnam Yemen Oceania American-Samoa Australia Cook Islands Fiji Guam Marshall Islands Micronesia Nauru New Caledonia New Zealand N.Mariana Palau Papua NG Samoa Solomon Islands Tahiti Tonga Vanuatu Africa Algeria Angola Benin Botswana Burk.Faso Burundi Cameroon Cape Verde Cent.Africa Chad Congo-Br. DR Congo Egypt Eq.Guinea Eritrea Ethiophia Gabon Gambia Ghana Guinea Guinea-Bissau Ivory Coast Kenya Lesotho Liberia Libya Madagascar Malawi Mali Mauritania Mauritius Morocco Mozambique Namibia Niger Nigeria Rwanda South Africa Senegal Seychelles Sierra Leone Somalia Sudan Swaziland Tanzania Togo Tunisia Uganda Zambia Zimbabwe Players Agent Coach News Team Agents Job Market Make-It-Pro Scouting Available Players Transactions Daily Report ESL Blogs Camps RSS The Worldwide Leader in Basketball News ............................. The biggest basketball database - over 240,000 profiles ............................. The biggest basketball coverage - 416 leagues in 271 countries/sections Men Women NBA ABA ABL APBL CBL DLeag. EBA ESL FBA IBA IBL PBL TRBL UBA UBL WBA NCAA1 NCAA2 NCAA3 NAIA JUCO ABI CBA KBDL NABL SEBL TPBL USBA WCBL Americans Overseas Ex College Tracker Foreigners in America National Team Senior National Team U22 National Team U20/21 National Team U18/19 National Team U16/17 NBLCanada CIS / CCAA LBQ National Team Senior National Team U22 National Team U20/21 National Team U18/19 National Team U16/17 Panamerican Games Tourn.of the Americas Tourn.of the Amer.U20 Tourn.of the Amer.U18 Tourn.of the Amer.U16 Liga Americas Marchand Cup World Cup Olympics Games World Champs U21 World Champs U19 World Champs U17 World Univ.Games Commonw.Games Upcoming Events Jun 10: Moscow (RUS): FIBA 3x3 World Champ. starts Jun 27: FIBA U17 World Champ. starts Jul 22: FIBA Commonwealth Champs starts Aug 15: Youth Olympic Games starts Aug 30: WC: World Cup starts Lawyers in Cyprus NCAA D1 Bracket 2013 Summer Camps 2014 Dirk Nowitzki Mavs, Bucks, Jazz, Clippers and Warriors clinch wins on Monday - NBA - Feb.25, 2014 Manny Harris D-Fenders and Stampede record latest victories - D-League - Feb.25, 2014 Mike Muscala Mike Muscala (ex Rio Natura Monbus) is a newcomer at The Hawks - NBA - Feb.25, 2014 Atlanta Hawks strengthened their roster with addition of 23-year old power forward Mike Muscala (211-106kg-91, college: Bucknell). He started the season at Rio Natura Monbus in Spanish Liga Endesa. In 20 games he recorded 14.6ppg, 7.8rpg and 1.1apg this season. The last season Muscala played at Bucknell University. In 35 Patriot League games he averaged impressive 18.5ppg, 11.1rpg (#4 in the league), 2.3apg and 2.3bpg. He helped them to win Patriot League Tournament and end the regular se... N America Funny All Top 10 NBA Assists of the Week: ... NBA:2/25/2014 7:35:22 AM Top 10 NBA Defensive Plays of th ... NBA:2/25/2014 7:35:06 AM OJ Mayo Leads the Bucks Over the ... NBA:2/25/2014 7:23:42 AM Top 10 NBA Plays: February 24th NBA:2/25/2014 7:18:58 AM NBA Nightly Highlights: February ... NBA:2/25/2014 7:10:09 AM Richard Jefferson Rebounds his O ... NBA:2/25/2014 5:49:37 AM Brandon Jennings Goes Behind the ... NBA:2/25/2014 5:33:07 AM Dirk Nowitzki Rattles in the Buz ... NBA:2/25/2014 3:48:07 AM NBA 2K14 - Euroleague Trailer Ga ... Funny-Videos:1/6/2014 NBA 2K14 - Euroleague Trailer Ga ... Funny-Videos:1/6/2014 UWEC VS Ohio Weslyan no-Sections:1/3/2014 Jordan Kappen University of Wisc ... no-Sections:1/3/2014 JORDAN KAPPEN OFFICIAL HIGHLIGHT ... no-Sections:1/3/2014 no-Sections:1/3/2014 no-Sections:1/3/2014 Mladen Pavlovic Highlights (2013 ... no-Sections:1/2/2014 Top 10 NBA Assists of the Week: ... NBA:2/25/2014 7:35:22 AM Top 10 NBA Defensive Plays of th ... NBA:2/25/2014 7:35:06 AM OJ Mayo Leads the Bucks Over the ... NBA:2/25/2014 7:23:42 AM Top 10 NBA Plays: February 24th NBA:2/25/2014 7:18:58 AM NBA Nightly Highlights: February ... NBA:2/25/2014 7:10:09 AM Richard Jefferson Rebounds his O ... NBA:2/25/2014 5:49:37 AM Brandon Jennings Goes Behind the ... NBA:2/25/2014 5:33:07 AM Dirk Nowitzki Rattles in the Buz ... NBA:2/25/2014 3:48:07 AM Deandre Liggins agreed terms with Miami Heat - NBA - Feb.25, 2014 Bull City Legacy Lose Close Inaugural Home Game - TRBL - Feb.25, 2014 Kelly Olynyk selected the top Canadian playing abroad in last week's games - Canada - Feb.25, 2014 Masters' 28 points and 6 rebounds give him Player of the Week award - Canada - Feb.25, 2014 GNAC Players of the Week - NCAA2 - Feb.25, 2014 Niang named Red Lion Co-Player of the Week - NCAA2 - Feb.25, 2014 Manhattan Pride Defeat Nova Hawks 126-121 - APBL - Feb.25, 2014 Donald Herring Continues to Grow the Hudson Valley Kingz Brand - APBL - Feb.25, 2014 Review of eight games from Sunday - NBA - Feb.24, 2014 Warriors and Energy record victories - D-League - Feb.24, 2014 Mill Rats, Express, Lightning and Rainmen enjoy latest victories - NBLCanada - Feb.24, 2014 Eurobasket Select Team is 2-0 after a hard fought win at Hills Hornets, Australia! - Eurobasket Summer League - Feb.24, 2014 Glen Davis agreed terms with LA Clippers - NBA - Feb.24, 2014 Neven Spahija on future of Croatian NBA prospect Dario Saric - NBA - Feb.24, 2014 Wilkins signs with Moroccan club following rookie IBL season - IBL - Feb.24, 2014 Michigan Beats Michigan State to Grab Big Ten Lead - NCAA1 - Feb.24, 2014 No change at top of ABA Power Rankings - ABA - Feb.24, 2014 Basketball Livescore www.livescore.com Beautiful side of basketball (Photo: BasketEE) Choose continent Site Map: News Agents Job Market Make-It-Pro Scouting Available Players Transactions Hall Of Fame Euro Awards Eurobasket Summer League Summer Camps Become A Member My Account / Services Member Support Forgot My Password Change My Password Events History Events Calendar Daily Report Affiliate Program News Search Europe North America Latin America Asia Oceania / Australia Africa Middle East Hoops Agents Blogs About Us Terms Of Use / Privacy Policy Disclaimer WARNING : RESOURCES: BASKETBALL Pro Combines Agent Counseling Links Testimonials Men's Profiles Men's Profiles Women's Profiles Men's Profiles Women's Profiles Men's Profiles Women's Profiles INFORMATION: Links Basketball Agency Rules and Regulations Eastern College Basketball CONFERENCES (Division I) International Basketball High School Basketball Amateur Athletic Union Media Products Services Newsgroups Message Boards Girl's Women's Basketball Recruiting Coaching Officiating Miscellaneous Basketball Agencies 2 X Inc. - Covering France and the USA - Based in Belgium - Based in California (USA) and the Philippines - based in Spain - Spanish Basketball Agency - Agency based in Yugoslavia - based in Connecticut, NBA-certified agent - Pennsylvania (USA)-based agent - Office in NY and France - Based in Montgomery, Alabama agent@rdsportm.com - USA-based agency with offices in Ohio - Based in NYC, offices in Virginia FMG - Australia Based Agency - USA-based agency with office in California Global Sports Plaza - Macedonia and USA-based agency - Estonia - Korean based agency - based in Israel - Based in Israel - agency based in Spain - Javier Jiménez - Turkish Basketball Agency - Attorney/Agent based in St. Louis, MO (USA) - Worldwide partnership of agents - Based in Atlanta, Georgia (USA) - Agency based in Germany - based in Lithuania - Based in Statesboro, Georgia , Paiva Sports Consulting Management - Based in Portugal - Agency based in Spain Offices in Germany and Denmark - The agency representing the most NBA players - Agency based in Germany - Agency based in Germany - Agency with offices in France and USA Sports-Management.com - Danish agency - American agency with offices in California Basketball Agency Rules and Regulations NCAA - Agents and Amateurism - general NBA team news and information NBDL Eurobasket NBDL site ABA WBA The USBL Continental Basketball Association - Official Site Eastern Basketball Alliance E BA - The official web site of the AAPBL Women's EBA Women's Blue Chip Basketball League Official Web Site College Basketball . - Scouting America's top college programs CONFERENCES (Division I) - official web site - official web site - official web site - official web site - official web site - official web site - official web site - official web site - official web site - official web site - official web site - official web site - official web site - official web site - official web site - official web site - official web site - official web site - official web site - official web site - official web site - official web site - official web site - official web site - official web site - official web site - official web site - official web site - official web site - official web site - official web site - official web site - official web site - official web site - official web site NCAA Division II Men's Links Women's Links LeMoyne LeMoyne Owen Lock Haven Paine Post Puerto Rico-Humacao Puerto Rico-Mayaguez St. Paul's Shaw Tiffin Virginia State Washburn Western Oregon Virginia Union Community Junior Colleges International Basketball - USA Basketball - High School Basketball (Provided by SoCal Hoops) (Raleigh, NC) (Illinois Prep Basketball) (Indiana) High School Basketball News Amateur Athletic Union BOY' S TEAMS (Charlottesville, Virginia) GIRL'S TEAMS (Philadelphia, Pennsylvania) (Albany, New York) (Naples, Florida) Media The Sports Network - Small Minor League Basketball News Products Services Arc Angel Shooting Instruction Basketball Training and Equipment - Shooting Aids - Uniform supplier - products and equipment Competitive Edge Products clari.sports.basketball.college Girl's Women's Basketball GBall Blue Star Basketball - Coaching with Coach Carvalho The Basketball Highway -Downloadable demo programs. - - - A monthly coaching newsletter Y-Coach.com Officiating Miscellaneous Havenport Online Sports Association - - - Texas-based youth team World of Sports - - Professional recruiting and information portal BBallin - Basketball news portal, blog, etc. * - tickets to nba and college games * team merchandise - updated . 20 .0 7 2 : 00 .m. ET - | nba news | nba draft | fantasy | college news | recruiting What is basketballfix.com? basketballfix.com basketball directory online. email us basketballfix.com about advertising | feedback support this site: shop here for sports tickets team merchandise ! Š 1999-2004 Sportsfix.com all rights reserved basketball directory CONFERENCES America East ACC Atlantic Sun Atlantic 10 Big East Big Sky Big South Big Ten Big 12 Big West Colonial Conference USA Horizon Ivy Independent MAAC Mid-Continent MAC MEAC Missouri Valley Mountain West Northeast Ohio Valley Pac-10 Patriot Southeastern Southern Southland SWAC Sun Belt West Coast WAC   NBA DRAFT   | NCAA TOURNAMENT   | RECRUITING | | PREVIEW | T | ARTICLES   | TV SCHEDULE | SCORES | STATS | STANDINGS | POLLS LOGOS SEARCH TEAM FAN SHOPS - COLLEGE - NCAA Tournament Champions Week College Preview Message Board Awards / Features NBA Draft Mock Draft Recruiting SHOPPING NCAA NBA Jerseys Tickets Videos Advertising Site Map The Review Coaching Fantasy Basketball History Monday Mailbag PREPSUSA.COM Recruiting Directory ABCD Newsletter CONFERENCES America East ACC Atlantic Sun Atlantic 10 Big East Big Sky Big South Big Ten Big 12 Big West Colonial Conference USA Horizon Ivy MAAC Mid-Continent MAC MEAC Missouri Valley Mountain West Northeast Ohio Valley Pac-10 Patriot Southeastern Southern Southland SWAC Sun Belt West Coast WAC The Webmaster sponsors page - Major League baseball player and team rankings - CHN's preview and weekly power ranking -MLS, USA, and World soccer rankings by CHN - - The best source for NCAA Tournament tickets Great deals on thousands of college basketball jerseys A quality college basketball blog - Division Three Basketball News The DCI - - The most accurate sports index since 1929 Full Court Press - All-around college hoops w/ a Big East focus - Featuring links to NCAA Tournament Contests - Links to NCAA tournament sites - Quality hoops blog form an avid fan - College basketball's Internet Cinderella - College basketball office pool software - Self explanatory.. BonniesBandwagon - The blog home of Duquesne Dukes basketball - Eat. Sleep. Drink. Flyers Hoops - Charlotte basketball discussion - Covering college basketball's best conference - Complete guide to ACC Basketball - Radio show on the ACC - Biased opinions by a biased Blue Devils fan B - Duke Basketball at its finest - Great coverage of all Cavaliers sports - Jackets basketball football - One of the best UNC blog on the web - Top UNC sports coverage on the Insiders.com network - Maryland Basketball Stats - Daily insight into Clemson hoops - No-holds-barred analysis of FSU sports - Debunking the greatness of Duke - The - Good daily coverage of Providence hoops Marquette Hoops Blog - All things Villanova basketball - Inside Rutgers Women's Hoops - - - Blue Demons message board BadgerManiac - Great Iowa basketball blog - The best Illinois basketball blog MaizeRage - The name speaks for itself MonsonsMob OldGoldFreePress - Your source for Big Ten Sports - A Michigan basketball blog - Covering all sports at UT - A no-access look at Texas AM sports Baylorfans.com - #1 site for Nebraska basketball fans - Discuss KU hoops with some true diehards - Great coverage of Kansas basketball - Good stuff on KU hoops football - Your home for TTU Basketball Info. - Mizzou Basketball Football - Mustangs message board - Your home for UCSB women's basketball StangFever.com - The #1 Aggie site on the net CoogFans - Official Darius Washington site GoldenEagles.Net - The internet source for TCU sports. MingesManiacs BU Beat Ay-Ziggy-Zoomba - Bowling Green sports the best title on the web - For all your BSU merchandise - Miami Spirit: Can you handle it? TheHerdSportsPage ISUSycamores.com RedbirdFan.com - The unofficial site for Illinois St. athletics - Where WSU fans talk! Block U The Fan Blog - The ultimate site for Murray State athletics The unofficial Arizona Wildcats blog BeatSC - The ultimate source for Sun Devil Sports. UCLA Bruin's Basketball Blog - Must read for UCLA fans - Washington Huskies Blog - Blog covering UofA athletics - For fans of Washington State basketball CrossSports.com - LSU Sports - A blog by and for Gamecocks fans Gate 21 - Florida football and basketball blog - South Carolina Sports - Solid coverage of the Kentucky Wildcats - UK women's basketball fansite Vol Nation Bleed Crimson - Great coverage of NMSU basketball Parsing the WAC - One man's views on WAC men's basketball - Links, including all incoming teams - NBA basketball with an Italian flair - Cleveland Cavaliers commentary and chat - The Official Website of Charlie Villanueva - LA Clippers news, rumors, and chat - Best Dallas Mavericks site on the net - NBA Picks from DocSports.com - Must read coverage of the NBA Draft DwightHoward.com - All about Dwight Howard - Where true Jazz fans hang out - Best New Jersey Nets site on the web. Period. - They eat, drink, and sleep the Kings - NBA basketball blog - Good looking NBA fan site - The premier Mike Bibby site - Great Vince Carter dunk videos - NBA NFL Mock Drafts - NBA news feed NBA-Live.com - The NBA at its best - The ultimate in basketball culture - The best Turkish language NBA site - With an Italian twist - - #1 source for New York Knicks news - Your essential source for Pacers basketball - Part of the Pistons Online Community - Community for the Suns and other Phoenix teams - NBA picks predictions NBA Rumors - NBA news and links - Houston area basketball and more - Daily NBA blog podcast - A good blog devoted to your Utah Jazz - Atlanta Hawks talk by a die hard fan - Basketball art, wallpapers and more - Raptors news feeds - Quality Timberwolves message board and news site The A - Your Game is our Business - The name says it all - For coaches players to improve BasketballFansite.com Basketball Fix - Basketball coaching and camp information - Great selection of basketball shoes - Free basketball trivia game - Instructional Videos - Basketball betting tips Born2Ball - Your online youth basketball-coaching clinic Coach's Notebook - Home of the Women's Pro Basketball Showcase - Team links and sports apparel Fanbay.net - Sports Links, Stats, and News - Compare odds on NCAA and NBA basketball games - Student athlete recruiting resource GoldenTickets.com Hooplines.com HoopsA nalyst - HoopsAvenue - Daily NBA News, Rumors Fantasy - Find your basketball career - NBA headlines and resources - Play pickup basketball - Great looking site - Your internet source fortotal sports training - E Multimedia-Sports - NJ College NBA basketball PlanetBasketball PowerBasketball ReviewMarks - Sacred Hoops Basketball - New basketball practice shooting device - - Ladies B-Ball Apparel SkinnyDragon - Great Source for NBA Jerseys Apparel - - Quality site about Streetball - Streetball news videos - All the greatest basketball moves - Held in San Diego each year The Duncan Shooting Method - For the new youth coach beyond. - How to become a better shooter - -Where Women's Basketball Meets The Internet! - - UK basketball equipment and accessories. - Coverage of pro basketball in Belgian - Great Polish site covering NCAA basketball nthoops.com - Global Solutions to Domestic Recruiting Needs - Team in the British Basketball League - German streetball and hip hop hoops.com ParsTimes.com - Athlete representation in Europe - Basketball news from around Scotland S olentStars.com - South Australia Southern-region.co.uk - Polish basketball streetball site - Basketball E-Greetings Air Jordan Shoes Anancyweb - Great sports paintings prints - Celebrating America's Athletic Legacy TheASConline.com - The web's best sports writing - Where Cops meets Sports Center - Helping student-athletes find a college ChiSports.com - The place to be to learn about football - The largest website of its kind CollegePicks.com - Featuring D1 sports websites - College Sports Information Directors of America - Best coverage of the Delaware sports scene - Sports employment and scholarships DraftHelp.com - Extreme Sports Betting Lines - Fantasy football news and big money contests - Serving fantasy winners since 1998 - Spectator guide books for major sports - Sports all day, everyday GuyLinks.net HITMILL.com - Giving athletes lifetime best performances - Play pickup soccer InfoSportinc.com - Blog on the newest basketball shoes - Accurate, affordable, and easy to use - Attend sports entertainment events. OurSportsCentral Picks2Bet - Daily guaranteed picks - Large collection of sports posters Rookies Sporting Links - San Dieguito Trophy - Sports search engine Online sporting goods store - Sports humor and sports cartoons ports Bar - Message board for sports and general chat ntral.org SportsCo Fantasy Sports tourament contest Sports Info Center - SportFanatics - Sports gifts and apparell - Quality custom duffl e SpyOrg.com - Great Sports Links Sports Web - Sports directory to a wide variety of sports 4scribes.com - Sports Opinion. Reborn - Full service ticket agency - Sports Links - Focusing on football baseball - An insightful humorous look at sports - More than just a job board ) - Blog focused on the Utah Jazz Utes - Updated information on American sports - - Blog about all things basketball - A's baseball from the heart of NYC - Amusing coverage of Baylor sports - Where Jay Bilas does his research - All things Boilermaker - Quality daily sports updates - Wasting your time since 2007.. - Extremely thorough coverage of the Boston Celtics - Solid college basketball blog - Information for the fantasy sports player - Quality Knicks blog from Larry Fleisher - Commentary on three great teams - Where HoopHeads get their fix - We embrace sports - Colleges sports w/ an edge focused on Tennessee - March Madness 365 days a year - Terps, Orioles, Ravens - Detroit Pistons Blog on the MVN Network M - All sports, all the time - In-depth coverage of the NBA Draft - NBA blog from the Jet - College basketball news analysis - Where sport thought intersect Pyramid of Excess - - Projected end of season RPI's - NCAA Tournament bracketology focus - Quality blog on NJ.com - The business of sports - Northern Michigan and Detroit sports - An intelligent dialogue about sports Super, Scintillating, Sarcastic - Focusing on Michigan and Detroit sports Th e End of the Bench - For fans of anything related to Basketball - Basketball life by Ryne Nelson - Nice looking blog dedicated to the Mets - Complete sports blog - Sports, insanity, and miscellany since 2001 Vegas Watch - Adam Zagoria on sports, recruiting, and rock'n'roll - Low cost medical coverage for families and individuals - Sports other auctions - The Guys' Portal to the Web - All your sports collectible needs - All you need to know in one place Last2Left - Top quality web designer and coder - The most insightful place on the web News Directory College and University . Collegehoopsnet.com Homepage About Media Kit | Site Map | Fan Shop Scores Teams Players Player News Standings Schedules Stats Transactions Injuries WNBA Tickets Podcasts NBA NFL THE MMQB NCAAF OLYMPICS MLB NBA NCAAB GOLF NHL SOCCER TENNIS MORE PHOTOS VIDEO Updated: Rosters by Team 76ers Bobcats Bucks Bulls Cavaliers Celtics Clippers Grizzlies Hawks Heat Jazz Kings Knicks Lakers Magic Mavericks Nets Nuggets Pacers Pelicans Pistons Raptors Rockets Spurs Suns Thunder Timberwolves Trail Blazers Warriors Wizards Age: Born: Height: Weight: Rookie Year: NBA Experience: PPG RPG APG FG% Ranks - - - - - - - - - - - - NBA - - - - Career Stats Splits Game Log Year Team G GS MPG FG% 3P% FT% OFF DEF RPG APG SPG BPG TO PF PPG 2013 STATS LLC Hot Topics: 49ers NBA Power Rankings Dee Ford Mike Trout Johnny Manziel Floyd Mayweather SUBSCRIBE TO SI DIGITAL EDITION SI MOBILE JOBS SITE MAP GIVE THE GIFT OF SI SI PICTURE SALES PICTURES OF THE DAY ABOUT US SI MEDIA KITS SI COVER COLLECTION SI CUSTOMER SERVICE SI BOOKS CONTACT US ADD RSS HEADLINE Terms under which this service is provided to you. Read our privacy guidelines and ad choices Stats Home Scores Official Leaders Season Leaders All-Time Leaders All-Star All-Star Stats East Team Stats West Team Stats League Stats By Team Stats By Player Lineups Teams Eastern Conference Atlanta Hawks Boston Celtics Brooklyn Nets Charlotte Bobcats Chicago Bulls Cleveland Cavaliers Detroit Pistons Indiana Pacers Miami Heat Milwaukee Bucks New York Knicks Orlando Magic Philadelphia 76ers Toronto Raptors Washington Wizards Western Conference Dallas Mavericks Denver Nuggets Golden State Warriors Houston Rockets Los Angeles Clippers Los Angeles Lakers Memphis Grizzlies Minnesota Timberwolves New Orleans Pelicans Oklahoma City Thunder Phoenix Suns Portland Trail Blazers Sacramento Kings San Antonio Spurs Utah Jazz Players Player Tracking What is Player Tracking? Speed and Distance Touches/Possession Passing Defensive Impact Rebounding Opportunities Drives Catch and Shoot Pull Up Shooting Efficiency Shot Chart Video History Blog Articles Glossary Help Contact Us FAQ What's New Video Status Players NBA.com/Stats Facebook Twitter Google + NBA runs its stats with SAP Active Players All Historical Players Find A Player Use the quick jump links to find your favorite players sorted alphabetically by last name A B C D E F G H I J K L M N O P Q R S T U V W X Y Z A jump to top of directory Acy, Quincy Adams, Steven Adrien, Jeff Afflalo, Arron Ajinca, Alexis Aldrich, Cole Aldridge, LaMarcus Allen, Lavoy Allen, Ray Allen, Tony Aminu, Al-Farouq Amundson, Lou Andersen, Chris Anderson, Alan Anderson, James Anderson, Ryan Antetokounmpo, Giannis Anthony, Carmelo Anthony, Joel Antic, Pero Ariza, Trevor Armstrong, Hilton Arthur, Darrell Asik, Omer Augustin, D.J. Ayon, Gustavo Ayres, Jeff B jump to top of directory Babbitt, Luke Barbosa, Leandro Barea, Jose Juan Bargnani, Andrea Barnes, Harrison Barnes, Matt Barton, Will Bass, Brandon Battier, Shane Batum, Nicolas Bayless, Jerryd Baynes, Aron Bazemore, Kent Beal, Bradley Beasley, Michael Belinelli, Marco Bennett, Anthony Beverley, Patrick Biedrins, Andris Billups, Chauncey Biyombo, Bismack Blair, DeJuan Blake, Steve Blatche, Andray Bledsoe, Eric Blue, Vander Bogans, Keith Bogut, Andrew Bonner, Matt Booker, Trevor Boozer, Carlos Bosh, Chris Bradley, Avery Brand, Elton Brewer, Corey Brewer, Ronnie Brooks, Aaron Brooks, MarShon Brown, Lorenzo Brown, Shannon Bryant, Kobe Budinger, Chase Bullock, Reggie Burke, Trey Burks, Alec Butler, Caron Butler, Jimmy Butler, Rasual Buycks, Dwight Bynum, Andrew Bynum, Will C jump to top of directory Calathes, Nick Calderon, Jose Caldwell-Pope, Kentavious Canaan, Isaiah Carroll, DeMarre Carter, Vince Carter-Williams, Michael Casspi, Omri Chalmers, Mario Chandler, Tyson Chandler, Wilson Childress, Josh Christmas, Dionte Clark, Earl Clark, Ian Claver, Victor Cole, Norris Collins, Jason Collison, Darren Collison, Nick Conley, Mike Copeland, Chris Cousins, DeMarcus Covington, Robert Crabbe, Allen Crawford, Jamal Crawford, Jordan Crowder, Jae Cunningham, Dante Cunningham, Jared Curry, Seth Curry, Stephen D jump to top of directory Dalembert, Samuel Datome, Gigi Davies, Brandon Davis, Anthony Davis, Ed Davis, Glen Daye, Austin De Colo, Nando DeRozan, DeMar Dedmon, Dewayne Delfino, Carlos Dellavedova, Matthew Deng, Luol Diaw, Boris Dieng, Gorgui Douglas, Toney Douglas-Roberts, Chris Dragic, Goran Drummond, Andre Dudley, Jared Duncan, Tim Dunleavy, Mike Durant, Kevin E jump to top of directory Ellington, Wayne Ellis, Monta Evans, Jeremy Evans, Reggie Evans, Tyreke Ezeli, Festus F jump to top of directory Faried, Kenneth Farmar, Jordan Faverani, Vitor Favors, Derrick Felix, Carrick Felton, Raymond Fields, Landry Fisher, Derek Fournier, Evan Foye, Randy Franklin, Jamaal Fredette, Jimmer Freeland, Joel Frye, Channing G jump to top of directory Gallinari, Danilo Garcia, Francisco Garnett, Kevin Garrett, Diante Gasol, Marc Gasol, Pau Gay, Rudy Gee, Alonzo George, Paul Gibson, Taj Ginobili, Manu Gobert, Rudy Gomes, Ryan Goodwin, Archie Gordon, Ben Gordon, Eric Gortat, Marcin Granger, Danny Gray, Aaron Green, Danny Green, Draymond Green, Gerald Green, Jeff Green, Willie Griffin, Blake H jump to top of directory Hamilton, Jordan Hansbrough, Tyler Hardaway Jr., Timothy Harden, James Harkless, Maurice Harrellson, Josh Harrington, Al Harris, Devin Harris, Elias Harris, Manny Harris, Michael Harris, Tobias Haslem, Udonis Hawes, Spencer Hayes, Charles Hayward, Gordon Haywood, Brendan Henderson, Gerald Henry, Xavier Henson, John Hibbert, Roy Hickson, JJ Hill, George Hill, Jordan Hill, Solomon Hinrich, Kirk Holiday, Jrue Hollins, Ryan Horford, Al Howard, Dwight Hummel, Robbie Humphries, Kris I jump to top of directory Ibaka, Serge Iguodala, Andre Ilyasova, Ersan Irving, Kyrie Ivey, Royal J jump to top of directory Jack, Jarrett Jackson, Reggie Jackson, Stephen James, Bernard James, LeBron James, Mike Jamison, Antawn Jeffers, Othyus Jefferson, Al Jefferson, Richard Jenkins, John Jennings, Brandon Jerebko, Jonas Johnson, Amir Johnson, Chris Johnson, James Johnson, Joe Johnson, Orlando Johnson, Wesley Jones, James Jones, Perry Jones, Solomon Jones, Terrence Jordan, DeAndre Joseph, Cory K jump to top of directory Kaman, Chris Kanter, Enes Karasev, Sergey Kelly, Ryan Kidd-Gilchrist, Michael Kirilenko, Andrei Knight, Brandon Korver, Kyle Koufos, Kosta Kravtsov, Viacheslav Kuzmic, Ognjen L jump to top of directory Lamb, Doron Lamb, Jeremy Landry, Carl Larkin, Shane Lawson, Ty Ledo, Ricky Lee, Courtney Lee, David Len, Alex Leonard, Kawhi Leonard, Meyers Leuer, Jon Lewis, Rashard Lillard, Damian Lin, Jeremy Livingston, Shaun Lopez, Brook Lopez, Robin Love, Kevin Lowry, Kyle Lucas III, John M jump to top of directory Mack, Shelvin Mahinmi, Ian Marion, Shawn Marshall, Kendall Martin, Cartier Martin, Kenyon Martin, Kevin Mason Jr., Roger Matthews, Wesley Maxiell, Jason Maynor, Eric Mayo, O.J. Mbah a Moute, Luc McCallum, Ray McCollum, CJ McGee, JaVale McLemore, Ben McRoberts, Josh Meeks, Jodie Mekel, Gal Middleton, Khris Miles, CJ Miller, Andre Miller, Darius Miller, Mike Miller, Quincy Mills, Patty Millsap, Paul Mitchell, Tony Mohammed, Nazr Monroe, Greg Moore, E'Twaun Morris, Darius Morris, Marcus Morris, Markieff Morrow, Anthony Motiejunas, Donatas Moultrie, Arnett Mozgov, Timofey Muhammad, Shabazz Mullens, Byron Murphy, Erik Murry, Toure N jump to top of directory Nene Nash, Steve Ndiaye, Hamady Neal, Gary Nedovic, Nemanja Nelson, Jameer Nicholson, Andrew Noah, Joakim Noel, Nerlens Novak, Steve Nowitzki, Dirk Nunnally, James O jump to top of directory O'Neal, Jermaine O'Quinn, Kyle Oden, Greg Okafor, Emeka Oladipo, Victor Olynyk, Kelly Onuaku, Arinze Orton, Daniel Outlaw, Travis P jump to top of directory Pachulia, Zaza Pargo, Jannero Parker, Tony Parsons, Chandler Patterson, Patrick Paul, Chris Pekovic, Nikola Perkins, Kendrick Pierce, Paul Pittman, Dexter Plumlee, Mason Plumlee, Miles Pondexter, Quincy Porter, Otto Pressey, Phil Price, A.J. Price, Ronnie Prigioni, Pablo Prince, Tayshaun Q jump to top of directory R jump to top of directory Raduljica, Miroslav Randolph, Anthony Randolph, Zach Redick, JJ Rice Jr., Glen Richardson, Jason Ridnour, Luke Rivers, Austin Roberson, Andre Roberts, Brian Robinson, Nate Robinson, Thomas Rondo, Rajon Rose, Derrick Ross, Terrence Rubio, Ricky Rush, Brandon S jump to top of directory Sacre, Robert Salmons, John Sanders, Larry Schroder, Dennis Scola, Luis Scott, Mike Sefolosha, Thabo Seraphin, Kevin Sessions, Ramon Shengelia, Tornike Shumpert, Iman Shved, Alexey Sims, Henry Singler, Kyle Singleton, Chris Siva, Peyton Sloan, Donald Smith, Chris Smith, Greg Smith, Ish Smith, J.R. Smith, Jason Smith, Josh Snell, Tony Southerland, James Speights, Marreese Splitter, Tiago Stephenson, Lance Stiemsma, Greg Stone, Julyan Stoudemire, Amar'e Stuckey, Rodney Sullinger, Jared T jump to top of directory Taylor, Jeff Taylor, Tyshawn Teague, Jeff Teague, Marquis Teletovic, Mirza Temple, Garrett Terry, Jason Thabeet, Hasheem Thomas, Isaiah Thomas, Lance Thomas, Malcolm Thompson, Hollis Thompson, Jason Thompson, Klay Thompson, Tristan Thornton, Marcus Tinsley, Jamaal Tolliver, Anthony Tucker, PJ Turiaf, Ronny Turkoglu, Hedo Turner, Evan Tyler, Jeremy U jump to top of directory Udoh, Ekpe Udrih, Beno V jump to top of directory Valanciunas, Jonas Varejao, Anderson Varnado, Jarvis Vasquez, Greivis Vesely, Jan Villanueva, Charlie Vucevic, Nikola Vujacic, Sasha W jump to top of directory Wade, Dwyane Waiters, Dion Walker, Kemba Wall, John Wallace, Gerald Watson, CJ Watson, Earl Wayns, Maalik Webster, Martell West, David Westbrook, Russell Williams, Deron Williams, Derrick Williams, Elliot Williams, Louis Williams, Marvin Williams, Mo Williams, Shawne Withey, Jeff Wolters, Nate World Peace, Metta Wright, Brandan Wright, Dorell Wroten, Tony X jump to top of directory Y jump to top of directory Young, Nick Young, Thaddeus Z jump to top of directory Zeller, Cody Zeller, Tyler Use the quick jump links to find your favorite players sorted alphabetically by last name A B C D E F G H I J K L M N O P Q R S T U V W X Y Z A jump to top of directory Abdelnaby, Alaa Abdul-Aziz, Zaid Abdul-Jabbar, Kareem Abdul-Rauf, Mahmoud Abdul-Wahad, Tariq Abdur-Rahim, Shareef Abernethy, Tom Able, Forest Abramovic, John Acker, Alex Ackerman, Donald Acres, Mark Acton, Charles Acy, Quincy Adams, Alvan Adams, Don Adams, Hassan Adams, Michael Adams, Steven Addison, Rafael Adelman, Rick Adrien, Jeff Afflalo, Arron Ager, Maurice Aguirre, Mark Ahearn, Blake Ainge, Danny Ajinca, Alexis Akin, Henry Akognon, Josh Alabi, Solomon Alarie, Mark Alcorn, Gary Aldrich, Cole Aldridge, LaMarcus Aleksinas, Chuck Alexander, Cory Alexander, Courtney Alexander, Gary Alexander, Joe Alexander, Victor Alford, Steve Allen, Bob Allen, Jerome Allen, Lavoy Allen, Lucius Allen, Malik Allen, Randy Allen, Ray Allen, Tony Allison, Odis Allred, Lance Allums, Darrell Almond, Morris Alston, Derrick Alston, Rafer Aluma, Peter Amaechi, John Amaya, Ashraf Aminu, Al-Farouq Amundson, Lou Anderegg, Bob Andersen, Chris Andersen, David Anderson, Alan Anderson, Antonio Anderson, Cliff Anderson, Daniel Anderson, Derek Anderson, Dwight Anderson, Eric Anderson, Greg Anderson, James Anderson, Jerome Anderson, Kenny Anderson, Kim Anderson, Michael Anderson, Mitchell Anderson, Nick Anderson, Richard Anderson, Ron Anderson, Ryan Anderson, Shandon Anderson, Willie Anderzunas, Wally Andriuskevicius, Martynas Anielak, Don Ansley, Michael Anstey, Chris Antetokounmpo, Giannis Anthony, Carmelo Anthony, Greg Anthony, Joel Antic, Pero Araujo, Rafael Arceneaux, Stacey Archibald, Nate Archibald, Robert Ard, Jim Arenas, Gilbert Ariza, Trevor Arizin, Paul Arlauckas, Joe Armstrong, B.J. Armstrong, Bob Armstrong, Brandon Armstrong, Darrell Armstrong, Hilton Armstrong, Paul Armstrong, Tate Arnelle, Jesse Arnette, Jay Arnzen, Bob Arroyo, Carlos Arthur, Darrell Arthurs, John Asik, Omer Askew, Vincent Askins, Keith Asmonga, Don Atha, Richard Atkins, Chucky Attles, Alvin Aubuchon, Chet Augmon, Stacey Augustin, D.J. Augustine, James Austin, Ike Austin, John Austin, Ken Avent, Anthony Averitt, William Avery, William Awtrey, Dennis Ayon, Gustavo Ayres, Jeff Azubuike, Kelenna B jump to top of directory Babbitt, Luke Babic, Milos Bach, Johnny Baechtold, Jim Bagaric, Dalibor Bagley, John Bailey, Carl Bailey, Gus Bailey, James Bailey, Thurl Bailey, Toby Baker, Mark Baker, Maurice Baker, Norm Baker, Vin Balkman, Renaldo Ball, Cedric Ballard, Greg Baltimore, Herschel Banks, Gene Banks, Marcus Bannister, Ken Bantom, Mike Barber, John Barbosa, Leandro Bardo, Stephen Barea, Jose Juan Bargnani, Andrea Barker, Cliff Barker, Tom Barkley, Charles Barkley, Erick Barksdale, Don Barnes, Harrison Barnes, Harry Barnes, Jim Barnes, Marvin Barnes, Matt Barnett, Dick Barnett, Jim Barnhill, John Barnhill, Norton Barnhorst, Leo Barr, John Barr, Mike Barr, Thomas Barrett, Andre Barrett, Ernie Barron, Earl Barros, Dana Barry, Brent Barry, Drew Barry, Jon Barry, Rick Bartels, Ed Bartolome, Vic Barton, Will Basden, Eddie Baskerville, Jerry Bass, Brandon Bassett, Tim Baston, Maceo Bateer, Mengke Bates, Billyray Batista, Esteban Batiste, Mike Battie, Tony Battier, Shane Battle, John Battle, Kenny Batton, Dave Batum, Nicolas Baum, Johnny Baumholtz, Frankie Baxter, Lonny Bayless, Jerryd Baylor, Elgin Baynes, Aron Bazarevich, Sergei Bazemore, Kent Beach, Ed Beal, Bradley Beard, Butch Beard, Ralph Beasley, Jerome Beasley, Michael Beaty, Zelmo Beaubois, Rodrigue Beck, Byron Beck, Corey Beck, Ernie Becker, Moe Bedford, William Beenders, Hank Behagen, Ron Behnke, Elmer Belinelli, Marco Bell, Charlie Bell, Dennis Bell, Raja Bell, Troy Bell, William Bellamy, Walt Bemoras, Irv Benbow, Leon Bender, Jonathan Benjamin, Benoit Benjamin, Corey Bennett, Anthony Bennett, Elmer Bennett, Mario Bennett, Mel Bennett, Tony Bennett, Winston Benoit, David Benson, Keith Benson, Kent Berce, Gene Bergen, Gary Berry, Ricky Berry, Walter Beshore, Del Best, Travis Beverley, Patrick Bianchi, Al Biasatti, Hank Bibby, Henry Bibby, Mike Biedenbach, Ed Biedrins, Andris Bielke, Don Bigelow, Bob Billups, Chauncey Bing, Dave Binion, Joe Bird, Jerry Bird, Larry Birdsong, Otis Bishop, Gale Biyombo, Bismack Blab, Uwe Black, Charlie Black, Norman Black, Tom Blackman, Rolando Blackwell, Alex Blackwell, Cory Blackwell, James Blackwell, Nate Blair, DeJuan Blake, Steve Blakely, Marqus Blalock, Will Blaney, George Blanks, Lance Blanton, Ricky Blatche, Andray Blaylock, Mookie Bledsoe, Eric Blevins, Leon Block, John Bloom, Mike Blount, Corie Blount, Mark Blue, Vander Blume, Ray Bobb, Nelson Bobbitt, Tony Bockhorn, Arlen Boerwinkle, Tom Bogans, Keith Bogues, Muggsy Bogut, Andrew Bohannon, Etdrick Bol, Manute Bolger, Bill Bolstorff, Doug Bon Salle, George H. Bond, Phil Bond, Walter Boney, Dexter Bonham, Ron Bonner, Anthony Bonner, Matt Booker, Melvin Booker, Trevor Boone, Josh Boone, Ron Booth, Calvin Booth, Keith Boozer, Bob Boozer, Carlos Borchardt, Curtis Bornheimer, Jake Borrell, Lazaro Borsavage, Costic Boryla, Vince Bosh, Chris Bostic, Jim Boston, Lawrence Boswell, Tom Boumtje-Boumtje, Ruben Boven, Don Bowdler, Cal Bowen, Bruce Bowen, Ryan Bowie, Anthony Bowie, Sam Bowman, Ira Bowman, Nate Boyce, Donnie Boyd, Dennis Boyd, Fred Boyd, Ken Boykins, Earl Boykoff, Harry Boynes, Winford Bozeman, Cedric Bracey, Steve Brackins, Craig Bradds, Gary Bradley, Alex Bradley, Alonzo Bradley, Avery Bradley, Bill Bradley, Charles Bradley, Dudley Bradley, Joe Bradley, Michael Bradley, Shawn Bradtke, Mark Bragg, Marques Braggs, Torraye Bramlett, A.J. Branch, Adrian Brand, Elton Brandon, Terrell Brannum, Bob Branson, Brad Branson, Jesse Brasco, Jim Bratz, Mike Braun, Carl Breaux, Tim Bremer, J.R. Brennan, Pete Brennan, Tom Breuer, Randy Brewer, Corey Brewer, Jamison Brewer, Jim Brewer, Ron Brewer, Ronnie Brezec, Primoz Brian, Frank Brickowski, Frank Bridgeman, Junior Bridges, Bill Brightman, Al Brindley, Audley Brisker, John Bristow, Allan Britt, Tyrone Britt, Wayman Brittain, Mike Britton, David Brockman, Jon Brogan, Jim Brokaw, Gary Brookfield, Price Brooks, Aaron Brooks, Kevin Brooks, MarShon Brooks, Michael Brooks, Scott Brown, Andre Brown, Bob Brown, Bobby Brown, Chucky Brown, Damone Brown, Darrell Brown, Dee Brown, Dee Brown, Derrick Brown, Devin Brown, Ernest Brown, Fred Brown, George Brown, Gerald Brown, Harold Brown, John Brown, Kedrick Brown, Kwame Brown, Leon Brown, Lewis Brown, Lorenzo Brown, Marcus Brown, Mike Brown, Myron Brown, P.J. Brown, Randy Brown, Raymond Brown, Rickey Brown, Roger Brown, Shannon Brown, Stan Brown, Tierre Brown, Tony Browne, Jim Brundy, Stanley Brunson, Rick Bryant, Emmette Bryant, Joe Bryant, Kobe Bryant, Mark Bryant, Wallace Bryn, Torgeir Buckhalter, Joe Bucknall, Steve Buckner, Cleveland Buckner, Greg Buckner, Quinn Budd, Dave Budinger, Chase Budko, Walter Buechler, Jud Buford, Rodney Bullard, Matt Bullock, Reggie Bunch, Greg Bunt, Dick Buntin, Bill Burden, Luther Burke, Pat Burke, Trey Burkman, Roger Burks, Alec Burks, Antonio Burleson, Kevin Burleson, Tom Burmaster, Jack Burns, David Burns, Evers Burns, Jim Burrell, Scott Burris, Art Burrough, Junior Burrow, Bob Burton, Ed Burton, Willie Burtt, Steve Buse, Don Butch, Brian Butcher, Donnie Butler, Al Butler, Caron Butler, Da'Sean Butler, Greg Butler, Jackie Butler, Jimmy Butler, Mitchell Butler, Rasual Buycks, Dwight Byars, Derrick Bynum, Andrew Bynum, Will Byrnes, Marty Byrnes, Tommy Bytzura, Mike C jump to top of directory Cabarkapa, Zarko Cable, Barney Caffey, Jason Cage, Michael Calabrese, Gerry Calathes, Nick Calderon, Jose Caldwell, Adrian Caldwell, Jim Caldwell, Joe Caldwell-Pope, Kentavious Calhoun, Bill Calhoun, Corky Calip, Demetrius Callahan, Tom Calloway, Rick Calverley, Ernie Calvin, Mack Cambridge, Dexter Camby, Marcus Campbell, Elden Campbell, Tony Canaan, Isaiah Cannon, Larry Caracter, Derrick Cardinal, Brian Carl, Howie Carlisle, Chet Carlisle, Geno Carlisle, Rick Carlson, Al Carlson, Don Carney, Bob Carney, Rodney Carpenter, Bob Carr, Antoine Carr, Austin Carr, Chris Carr, Cory Carr, Kenny Carr, M.L. Carrington, Bob Carroll, DeMarre Carroll, Joe Barry Carroll, Matt Carruth, Jimmy Carter, Anthony Carter, Butch Carter, Fred Carter, George Carter, Howard Carter, Jake Carter, Maurice Carter, Reggie Carter, Ron Carter, Vince Carter-Williams, Michael Cartwright, Bill Carty, Jay Cash, Cornelius Cassell, Sam Casspi, Omri Catchings, Harvey Catledge, Terry Catlett, Sid Cato, Kelvin Cattage, Bobby Causwell, Duane Cavenall, Ron Ceballos, Cedric Celestand, John Cervi, Al Chalmers, Lionel Chalmers, Mario Chamberlain, Bill Chamberlain, Wilt Chambers, Jerry Chambers, Tom Champion, Mike Chandler, Tyson Chandler, Wilson Chaney, Don Chaney, John Chapman, Rex Chappell, Len Charles, Ken Charles, Lorenzo Cheaney, Calbert Cheeks, Maurice Chenier, Phil Chievous, Derrick Chilcutt, Pete Childress, Josh Childress, Randolph Childs, Chris Chollet, Leroy Chones, Jim Christ, Fred Christensen, Cal Christian, Bob Christie, Doug Christmas, Dionte Churchwell, Robert Clark, Archie Clark, Carlos Clark, Earl Clark, Ian Clark, Keon Claver, Victor Claxton, Charles Claxton, Speedy Cleamons, Jim Cleaves, Mateen Clemens, John Clifton, Nat Closs, Bill Closs, Keith Cloyd, Paul Cluggish, Marion Clyde, Ben Coffey, Richard Cofield, Fred Coker, John Cole, Norris Coleman, Ben Coleman, Derrick Coleman, E.C. Coleman, Jack Coleman, Norris Coles, Bimbo Collier, Jason Collins, Art Collins, Don Collins, Doug Collins, James Collins, Jarron Collins, Jason Collins, Jimmy Collins, Mardy Collins, Sherron Collison, Darren Collison, Nick Colone, Joe Colson, Sean Colter, Steve Combs, Leroy Comegys, Dallas Comley, Larry Conley, Gene Conley, Mike Conlin, Ed Conlon, Marty Conner, Lester Connors, Chuck Conroy, Will Cook, Anthony Cook, Bert Cook, Bobby Cook, Brian Cook, Daequan Cook, Darwin Cook, Jeff Cook, Norm Cook, Omar Cooke, David Cooke, Joe Cooper, Chuck Cooper, Duane Cooper, Joe Cooper, Michael Cooper, Wayne Copa, Tom Copeland, Chris Copeland, Hollis Copeland, Lanard Corbin, Tyrone Corchiani, Chris Corley, Ken Corley, Ray Corzine, Dave Costello, Larry Cotton, Jack Cotton, James Coughran, John Counts, Mel Courtin, Steve Courtney, Joe Cousin, Marcus Cousins, DeMarcus Cousy, Bob Covington, Robert Cowens, Dave Cox, John Cox, Johnny Cox, Wesley Crabbe, Allen Crawford, Chris Crawford, Freddie Crawford, Jamal Crawford, Joe Crawford, Jordan Creighton, Jim Crevier, Ron Crisler, Hal Crispin, Joe Criss, Charlie Crite, Winston Crittenton, Javaris Crocker, Dillard Crompton, Jeffrey Crosby, Terry Croshere, Austin Cross, Jeff Cross, Pete Cross, Russell Crossin, Francis Crotty, John Crow, Mark Crowder, Corey Crowder, Jae Cummings, Pat Cummings, Terry Cummings, Vonteego Cunningham, Billy Cunningham, Dante Cunningham, Dick Cunningham, Jared Cunningham, William Curcic, Radisav Cure, Armand Cureton, Earl Curley, Bill Curran, Fran Curry, Dell Curry, Eddy Curry, JamesOn Curry, Michael Curry, Seth Curry, Stephen Cvetkovic, Rastko D jump to top of directory D'Antoni, Mike Dahler, Ed Dailey, Quintin Dalembert, Samuel Dallmar, Howie Dampier, Erick Dampier, Lou Dandridge, Bob Daniels, Antonio Daniels, Erik Daniels, Lloyd Daniels, Marquis Daniels, Mel Danilovic, Sasha Dantley, Adrian Darcey, Henry Darden, Jimmy Dare, Yinka Dark, Jesse Darrow, Jimmy Datome, Gigi Daugherty, Brad David, Kornel Davidson, Jermareo Davies, Bob Davies, Brandon Davis, Anthony Davis, Antonio Davis, Aubrey Davis, Baron Davis, Ben Davis, Bill Davis, Bob Davis, Brad Davis, Brian Davis, Charlie Davis, Charlie Davis, Dale Davis, Double D Davis, Ed Davis, Edward Davis, Emanual Davis, Glen Davis, Harry Davis, Hubert Davis, James Davis, Jim Davis, Johnny Davis, Josh Davis, Mark Davis, Mark Davis, Mel Davis, Michael Davis, Mike Davis, Monti Davis, Paul Davis, Ralph Davis, Ricky Davis, Ron Davis, Terry Davis, Walt Davis, Walter Dawkins, Darryl Dawkins, Johnny Dawkins, Paul Dawson, Eric Dawson, Tony Day, Todd Daye, Austin Daye, Darren De Colo, Nando DeBusschere, Dave DeClercq, Andrew DeLong, Nate DeRozan, DeMar DeZonie, Hank Deane, Greg Dedmon, Dewayne Dees, Archie Dehere, Terry Dehnert, Red Del Negro, Vinny Dele, Bison Delfino, Carlos Delk, Tony Dellavedova, Matthew Dembo, Fennis Demic, Larry Demps, Dell Dempsey, George Deng, Luol Dennard, Kenny Denning, Blaine Dentmon, Justin Denton, Randy Derline, Rod Deutsch, Dave Devlin, Walter DiGregorio, Ernie Dial, Derrick Diaw, Boris Diawara, Yakhouba Diaz, Guillermo Dickau, Dan Dickens, Kaniel Dickerson, Henry Dickerson, Michael Dickey, Derrek Dickey, Dick Diener, Travis Dieng, Gorgui Dierking, Connie Dietrick, Coby Dillard, Mickey Dille, Bob Dillon, John Dinkins, Byron Dinkins, Jackie Dinwiddie, Bill Diogu, Ike Diop, DeSagana Dischinger, Terry Diute, Fred Divac, Vlade Dixon, Juan Djordjevic, Aleksandar Dodd, Earl Doleac, Michael Dolhon, Joe Doll, Bob Donaldson, James Donham, Bob Donovan, Billy Donovan, Harry Dooling, Keyon Dorsey, Jacky Dorsey, Joey Douby, Quincy Douglas, Bruce Douglas, John Douglas, Leon Douglas, Sherman Douglas, Toney Douglas-Roberts, Chris Dove, Lloyd Dowdell, Zabian Downey, Bill Downing, Steve Doyle, Danny Dozier, Terry Dragic, Goran Dreiling, Greg Drew, Bryce Drew, John Drew, Larry Drexler, Clyde Driggers, Nate Driscoll, Terry Drobnjak, Predrag Drollinger, Ralph Drummond, Andre DuVal, Dennis Duckett, Dick Duckworth, Kevin Dudley, Charles Dudley, Chris Dudley, Jared Duerod, Terry Duffy, Bob Duffy, Bob Duhon, Chris Dukes, Walter Dumars, Joe Dumas, Richard Dumas, Tony Duncan, Andy Duncan, Tim Dunleavy, Mike Dunleavy, Mike Dunn, Pat Dunn, T.R. Dupree, Ronald Durant, Kevin Duren, John Durham, Pat Durrant, Devin Durrett, Ken Dwan, Jack Dykema, Craig Dyker, Gene Dyson, Jerome E jump to top of directory Eackles, Ledell Eakins, Jim Earl, Acie Earle, Ed Eaton, Mark Eaves, Jerry Ebanks, Devin Ebben, Bill Eberhard, Al Ebi, Ndudi Eddie, Patrick Eddleman, Thomas Edelin, Kent Edmonson, Keith Edney, Tyus Edwards, Bill Edwards, Blue Edwards, Corsley Edwards, Doug Edwards, Franklin Edwards, James Edwards, Jay Edwards, John Edwards, Kevin Egan, Johnny Eggleston, Lonnie Ehlers, Eddie Ehlo, Craig Eichhorst, Dick Eisley, Howard Ekezie, Obinna El-Amin, Khalid Eliason, Don Elie, Mario Ellefson, Ray Ellington, Wayne Elliott, Bob Elliott, Sean Ellis, Alexander Ellis, Bo Ellis, Dale Ellis, Harold Ellis, Joe Ellis, LaPhonso Ellis, LeRon Ellis, Leroy Ellis, Monta Ellison, Pervis Elmore, Len Elson, Francisco Elston, Darrell Ely, Melvin Embry, Wayne Emmett, Andre Endress, Ned Engler, Chris Englestad, Wayne English, A.J. English, Alex English, Claude English, Jojo English, Kim English, Scott Englund, Gene Epps, Ray Erden, Semih Erias, Bo Erickson, Keith Erving, Julius Eschmeyer, Evan Eskridge, Jack Esposito, Vincenzo Evans, Bob Evans, Brian Evans, Earl Evans, Jeremy Evans, Maurice Evans, Mike Evans, Reggie Evans, Tyreke Ewing, Daniel Ewing, Patrick Ewing Jr., Patrick Eyenga, Christian Ezeli, Festus Ezersky, Johnny F jump to top of directory Fabel, Joe Fairchild, John Farbman, Phil Faried, Kenneth Farley, Dick Farmar, Jordan Farmer, Desmon Farmer, Jim Farmer, Mike Farmer, Tony Faught, Bob Faverani, Vitor Favors, Derrick Fazekas, Nick Fedor, Dave Feerick, Bob Feher, Butch Feick, Jamie Feiereisel, Ron Feigenbaum, George Feitl, Dave Felix, Carrick Felix, Noel Felix, Ray Felton, Raymond Fendley, Jake Fenley, Bill Ferguson, Desmond Fernandez, Rudy Fernsten, Eric Ferrari, Al Ferreira, Rolando Ferrell, Duane Ferrin, Arnie Ferry, Bob Ferry, Danny Fesenko, Kyrylo Fields, Kenny Fields, Landry Filipek, Ron Fillmore, Greg Finkel, Hank Finley, Michael Finn, Danny Fish, Matt Fisher, Derek Fitch, Gerald Fitzgerald, Bob Fitzgerald, Dick Fizer, Marcus Fleishman, Jerry Fleming, Al Fleming, Ed Fleming, Vern Flores, Luis Flowers, Bruce Floyd, Sleepy Flynn, Jonny Flynn, Mike Fogle, Larry Foley, Jack Fontaine, Ike Fontaine, Levi Foote, Jeff Forbes, Gary Ford, Alphonso Ford, Alton Ford, Chris Ford, Don Ford, Jake Ford, Phil Ford, Sharrod Ford, Sherell Ford, T.J. Forman, Donnie Forrest, Bayard Forte, Joseph Fortson, Courtney Fortson, Danny Foster, Fred Foster, Greg Foster, Jeff Foster, Rod Fotsis, Antonis Fournier, Evan Foust, Larry Fowler, Jerry Fowlkes, Tremaine Fox, Harold Fox, Jim Fox, Rick Foye, Randy Foyle, Adonal Frahm, Richie Francis, Steve Frank, Tellis Frankel, Nat Franklin, Jamaal Frazier, Walt Frazier, Will Frederick, Anthony Fredette, Jimmer Free, World Freeland, Joel Freeman, Donnie Freeman, Gary Freeman, Rod Freije, Matt Frey, Frido Friend, Larry Frink, Pat Fritsche, Jim Frye, Channing Fryer, Bernie Fucarino, Frank Fuetsch, Herm Fulks, Joe Fuller, Hiram Fuller, Todd Fuller, Tony Funderburke, Lawrence Furlow, Terry G jump to top of directory Gabor, Billy Gadzuric, Dan Gaffney, Tony Gai, Deng Gainer, Elmer R. Gaines, Corey Gaines, Reece Gaines, Sundiata Gale, Mike Gallagher, Chad Gallatin, Harry Gallinari, Danilo Gambee, Dave Gamble, Kevin Gantt, Bob Garbajosa, Jorge Garces, Ruben Garcia, Alex Garcia, Francisco Gardner, Earl Gardner, Thomas Gardner, Vern Garfinkel, Jack Garland, Gary Garland, Winston Garmaker, Dick Garner, Chris Garnett, Bill Garnett, Kevin Garnett, Marlon Garrett, Calvin Garrett, Dean Garrett, Diante Garrett, Eldo Garrett, Rowland Garrick, Tom Garris, John Garris, Kiwane Garrity, Pat Garvin, Jim Gasol, Marc Gasol, Pau Gates, Frank Gatling, Chris Gattison, Kenny Gay, Rudy Gayda, Ed Gaze, Andrew Geary, Reggie Gee, Alonzo Geiger, Matt Gelabale, Mickael George, Devean George, Jack George, Paul George, Tate Gerard, Gus Gervin, Derrick Gervin, George Getchell, Gorham Gianelli, John Gibbs, Dick Gibson, Daniel Gibson, Dee Gibson, Mel Gibson, Mike Gibson, Taj Gibson, Ward Giddens, J.R. Gilder, Trey Gill, Eddie Gill, Kendall Gillery, Ben Gillette, Gene Gilliam, Armen Gilliam, Herm Gilmore, Artis Gilmore, Walt Gilmur, Chuck Ginobili, Manu Giricek, Gordan Givens, Jack Gladness, Mickell Glamack, George Glass, Gerald Glenn, Mike Glick, Norman Glouchkov, Georgi Glover, Clarence Glover, Dion Glyniadakis, Andreas Gminski, Mike Gobert, Rudy Godfread, Dan Gola, Tom Goldfaden, Ben Goldwire, Anthony Gomes, Ryan Gondrezick, Glen Gondrezick, Grant Gooden, Drew Goodrich, Gail Goodrich, Steve Goodwin, Archie Goodwin, Wilfred Gordon, Ben Gordon, Eric Gordon, Lancaster Gordon, Paul Gortat, Marcin Gottlieb, Leo Goudelock, Andrew Govedarica, Bato Graboski, Joe Grace, Ricky Graham, Greg Graham, Joey Graham, Mal Graham, Orlando Graham, Paul Graham, Stephen Grandholm, Jim Grandison, Ronnie Granger, Danny Granger, Stewart Grant, Brian Grant, Bud Grant, Gary Grant, Greg Grant, Harvey Grant, Horace Grant, Josh Grant, Paul Grant, Travis Grate, Don Graves, Butch Gray, Aaron Gray, Devin Gray, Ed Gray, Evric Gray, Gary Gray, Leonard Gray, Stuart Gray, Sylvester Gray, Wyndol Grayer, Jeff Greacen, Bob Green, A.C. Green, Danny Green, Devin Green, Draymond Green, Gerald Green, Jeff Green, Johnny Green, Ken Green, Kenny Green, Lamar Green, Litterial Green, Luther Green, Mike Green, Rickey Green, Sean Green, Si Green, Sidney Green, Steve Green, Taurean Green, Tommy Green, Willie Greene, Donte Greene, Orien Greenspan, Jerry Greenwood, David Greer, Hal Greer, Lynn Gregor, Gary Gregory, Claude Greig, John Grekin, Norm Grevey, Kevin Griffin, Adrian Griffin, Blake Griffin, Eddie Griffin, Greg Griffin, Paul Griffin, Taylor Griffith, Darrell Grigsby, Chuck Grimm, Derek Grimshaw, George Groat, Dick Gross, Bob Grote, Jerry Groza, Alex Grundy, Anthony Grunfeld, Ernie Guarilia, Gene Gudmundsson, Petur Guerin, Richie Gugliotta, Tom Guibert, Andres Guidinger, Jay Gunther, Coulby Gunther, Dave Guokas, Al Guokas, Matt Guokas, Matt Guyton, A.J. H jump to top of directory Hackett, Rudy Haddadi, Hamed Haffner, Scott Hagan, Cliff Hagan, Glenn Hahn, Bob Hairston, Al Hairston, Happy Hairston, Lindsay Hairston, Malik Haislip, Marcus Halbert, Chuck Halbrook, Harvey Hale, Bruce Haley, Jack Halimon, Shaler Hall, Mike Halliburton, Jeff Ham, Darvin Hamer, Steve Hamilton, Dale Hamilton, Dennis Hamilton, Jordan Hamilton, Ralph Hamilton, Richard Hamilton, Roylee Hamilton, Steve Hamilton, Tang Hamilton, Thomas Hamilton, Zendon Hammink, Geert Hammonds, Tom Hancock, Darrin Handlogten, Ben Hankins, Cecil Hankinson, Phil Hannum, Alex Hanrahan, Don Hans, Rollen Hansbrough, Ben Hansbrough, Tyler Hansen, Bob Hansen, Glenn Hansen, Lars Hansen, Travis Hanson, Reggie Hanzlik, Bill Harangody, Luke Hardaway, Anfernee Hardaway, Tim Hardaway Jr., Timothy Harden, James Harding, Reggie Hardnett, Charlie Hardy, Alan Hardy, James Hargis, John Harkless, Maurice Harkness, Jerry Harlicka, Skip Harmon, Jerome Harper, Derek Harper, Justin Harper, Mike Harper, Ron Harpring, Matt Harrellson, Josh Harrington, Adam Harrington, Al Harrington, Junior Harrington, Othella Harris, Art Harris, Bernie Harris, Bob Harris, Chris Harris, Devin Harris, Elias Harris, Lucious Harris, Manny Harris, Michael Harris, Steve Harris, Terrel Harris, Tobias Harris, Tony Harrison, Bob Harrison, David Hart, Jason Harvey, Antonio Harvey, Donnell Hasbrouck, Kenny Haskin, Scott Haskins, Clem Haslem, Udonis Hassell, Trenton Hassett, Billy Hassett, Joey Hastings, Scott Haston, Kirk Hatton, Vern Havlicek, John Hawes, Spencer Hawes, Steve Hawkins, Connie Hawkins, Hersey Hawkins, Juaquin Hawkins, Marshall Hawkins, Michael Hawkins, Robert Hawkins, Tom Hawthorne, Nate Hayes, Charles Hayes, Elvin Hayes, Jarvis Hayes, Steve Hayward, Gordon Hayward, Lazar Haywood, Brendan Haywood, Spencer Hazen, John W. Hazzard, Walt Head, Luther Heal, Shane Heaney, Brian Heard, Garfield Hedderick, Herm Heggs, Alvin Heinsohn, Tom Hemric, Dick Henderson, Alan Henderson, Cedric Henderson, Cedric Henderson, Dave Henderson, Gerald Henderson, Gerald Henderson, J.R. Henderson, Jerome Henderson, Kevin Henderson, Tom Hendrickson, Mark Hennessy, Larry Henriksen, Don Henry, Al Henry, Bill Henry, Carl Henry, Conner Henry, Skeeter Henry, Xavier Henson, John Henson, Steve Herman, Bill Hermsen, Clarence Herren, Chris Herrera, Carl Herrmann, Walter Herron, Keith Hertzberg, Sidney Hetzel, Fred Hewitt, Bill Hewson, Jack Heyman, Art Hibbert, Roy Hickey, Matthew Hicks, Phil Hickson, JJ Higgins, Cory Higgins, Mike Higgins, Rod Higgins, Sean Higgs, Kenny High, Johnny Hightower, Wayne Hill, Armond Hill, Cleo Hill, Gary Hill, George Hill, Grant Hill, Herbert Hill, Jordan Hill, Solomon Hill, Steven Hill, Tyrone Hillhouse, Art Hillman, Darnell Hilton, Fred Hinrich, Kirk Hinson, Roy Hirsch, Mel Hitch, Lew Hite, Robert Hobson, Darington Hodge, Donald Hodge, Julius Hodges, Craig Hoefer, Adolph Hoffman, Bear, The Body Hogsett, Bob Hogue, Paul Hoiberg, Fred Holcomb, Doug Holcomb, Randy Holiday, Jrue Holiday, Justin Holland, Brad Holland, Joe Holland, Wilbur Hollins, Lionel Hollins, Ryan Hollis, Essie Holstein, Jim Holt, Alvin Holton, Michael Holub, Dick Holup, Joe Holzman, Red Honeycutt, Jerald Honeycutt, Tyler Hood, Derek Hoover, Tom Hopkins, Bob Hoppen, Dave Hopson, Dennis Horan, Johnny Hordges, Cedrick Horford, Al Horford, Tito Horn, Ron Hornacek, Jeff Horner, Dennis Horry, Robert Horton, Ed Hosket, Wilmer Houbregs, Bob House, Eddie Houston, Allan Houston, Byron Hovasse, Tom Howard, Brian Howard, Dwight Howard, Greg Howard, Josh Howard, Juwan Howard, Mo Howard, Otis Howard, Stephen Howell, Bailey Hubbard, Bob Hubbard, Phil Hudson, Lester Hudson, Lou Hudson, Troy Huffman, Nate Hughes, Alfredrick Hughes, Eddie Hughes, Kim Hughes, Larry Hughes, Rick Hummel, Robbie Hummer, John Humphrey, Ryan Humphries, Jay Humphries, Kris Hundley, Rod Hunter, Brandon Hunter, Cedric Hunter, Chris Hunter, Les Hunter, Lindsey Hunter, Othello Hunter, Steven Hurley, Bobby Hurley, Roy Huston, Geoff Huston, Paul Hutchins, Mel Hutton, Joe Hyder, Greg I jump to top of directory Iavaroni, Marc Ibaka, Serge Iguodala, Andre Ilgauskas, Zydrunas Ilic, Mile Ilyasova, Ersan Imhoff, Darrall Ingelsby, Tom Ingram, Joel Irvin, Byron Irving, Kyrie Issel, Dan Iuzzolino, Mike Iverson, Allen Ivey, Royal J jump to top of directory Jack, Jarrett Jackson, Al Jackson, Bobby Jackson, Cedric Jackson, Darnell Jackson, Greg Jackson, Jaren Jackson, Jermaine Jackson, Jim Jackson, Lucious Jackson, Luke Jackson, Marc Jackson, Mark Jackson, Michael Jackson, Myron Jackson, Phil Jackson, Ralph Jackson, Randell Jackson, Reggie Jackson, Stanley Jackson, Stephen Jackson, Tony Jackson, Tracy Jackson, Wardell Jacobs, Winfred Jacobsen, Casey Jacobson, Sam Jamerson, Dave James, Aaron James, Bernard James, Damion James, Gene James, Henry James, Jerome James, LeBron James, Mike James, Tim Jamison, Antawn Jamison, Harold Janisch, John Janotta, Howie Jaric, Marko Jaros, Tony Jasikevicius, Sarunas Jawai, Nathan Jeannette, Buddy Jeelani, Abdul Jefferies, Chris Jeffers, Othyus Jefferson, Al Jefferson, Dontell Jefferson, Richard Jeffries, Jared Jenkins, Charles Jenkins, Horace Jenkins, John Jennings, Brandon Jennings, Keith Jent, Chris Jepsen, Les Jerebko, Jonas Jerrells, Curtis Jeter, Pooh Johnsen, Britton Johnson, Alexander Johnson, Amir Johnson, Andy Johnson, Anthony Johnson, Armon Johnson, Arnie Johnson, Avery Johnson, Buck Johnson, Carldell Johnson, Charlie Johnson, Chris Johnson, Chris Johnson, Clay Johnson, Clemon Johnson, Darryl Johnson, Dave Johnson, David Johnson, DeMarco Johnson, Dennis Johnson, DerMarr Johnson, Eddie Johnson, Eddie Johnson, Eric Johnson, Ervin Johnson, Frank Johnson, George Johnson, George Johnson, George Johnson, Gus Johnson, Harold Johnson, Ivan Johnson, JaJuan Johnson, James Johnson, Joe Johnson, John Johnson, Kannard Johnson, Ken Johnson, Ken Johnson, Kevin Johnson, Larry Johnson, Larry Johnson, Lee Johnson, Linton Johnson, Lynbert Johnson, Magic Johnson, Marques Johnson, Mickey Johnson, Neil Johnson, Ollie Johnson, Orlando Johnson, Reggie Johnson, Rich Johnson, Ron Johnson, Steffond Johnson, Steve Johnson, Trey Johnson, Vinnie Johnson, Wesley Johnson-Odom, Darius Johnston, Nate Johnston, Neil Johnstone, Jim Jolliff, Howie Jones, Alvin Jones, Anthony Jones, Askia Jones, Bill Jones, Bobby Jones, Bobby Jones, Caldwell Jones, Charles Jones, Charles Jones, Charles R. Jones, Dahntay Jones, Damon Jones, DeQuan Jones, Dominique Jones, Dontae' Jones, Dwayne Jones, Dwight Jones, Earl Jones, Eddie Jones, Edgar Jones, Fred Jones, Jake Jones, James Jones, Jimmy Jones, Johnny Jones, Jumaine Jones, K.C. Jones, Kevin Jones, Larry Jones, Major Jones, Mark Jones, Nick Jones, Ozell Jones, Perry Jones, Popeye Jones, Rich Jones, Robin Jones, Sam Jones, Shelton Jones, Solomon Jones, Steve Jones, Terrence Jones, Wali Jones, Wallace Jones, Wil Jones, Willie Jones, Willie Jordan, Adonis Jordan, DeAndre Jordan, Eddie Jordan, Jerome Jordan, Michael Jordan, Reggie Jordan, Thomas Jordan, Walter Jordon, Phil Jorgensen, Johnny Jorgensen, Noble Jorgensen, Roger Joseph, Cory Joseph, Garth Joseph, Kris Joseph, Yvon Judkins, Jeff K jump to top of directory Kachan, Edwin Kaftan, George Kalafat, Ed Kaman, Chris Kanter, Enes Kaplowitz, Ralph Kapono, Jason Kappen, Tony Karasev, Sergey Karl, Coby Karl, George Kasid, Ed Kasun, Mario Katkaveck, Leo Kauffman, Bob Kautz, Wilbert Kea, Clarence Kearns, Michael Kearns, Tommy Keefe, Adam Keeling, Harold Keller, Ken Kelley, Rich Kellogg, Clark Kelly, Gerard Kelly, Ryan Kelly, Tom Kelser, Greg Kelso, Ben Kemp, Shawn Kempton, Tim Kendrick, Frank Kennedy, D.J. Kennedy, Eugene Kennedy, Joe Kennedy, William Kenon, Larry Kenville, Bill Kerner, Jonathan Kerr, Johnny Kerr, Steve Kerris, Jack Kersey, Jerome Kessler, Alec Ketner, Lari Keys, Randolph Khryapa, Viktor Kidd, Jason Kidd, Warren Kidd-Gilchrist, Michael Kiffin, Irv Kiley, Jack Killum, Ernie Kilpatrick, Carl Kimball, Toby Kimble, Bo Kimbrough, Stan Kinch, Chad King, Albert King, Bernard King, Chris King, Dan King, Frankie King, George King, Gerard King, Jim King, Jimmy King, Maury King, Reggie King, Rich King, Stacey King, Tom Kinney, Bob Kinsey, Tarence Kirilenko, Andrei Kirk, Walt Kistler, Doug Kitchen, Curtis Kite, Greg Kittles, Kerry Kleine, Joe Kleiza, Linas Klier, Leo Klotz, Herm Klueh, Duane Knight, Billy Knight, Bob Knight, Brandin Knight, Brandon Knight, Brevin Knight, Negele Knight, Negele Knight, Ron Knight, Toby Knight, Travis Knorek, Lee Knostman, Dick Knowles, Rod Kofoed, Bart Kojis, Don Komenich, Milo Komives, Howard Koncak, Jon Koper, Bud Kopicki, Joe Kornet, Frank Korolev, Yaroslav Korver, Kyle Kosmalski, Len Kostecka, Andy Kottman, Harold Koufos, Kosta Kozelko, Tom Kramer, Arvid Kramer, Barry Kramer, Joel Kraus, Dan Krautblatt, Herb Kravtsov, Viacheslav Krebs, Jim Kreklow, Wayne Kron, Tom Kropp, Tom Krstic, Nenad Krystkowiak, Larry Kuberski, Steve Kubiak, Leo Kuczenski, Bruce Kudelka, Frank Kuester, John Kuka, Ray Kukoc, Toni Kunnert, Kevin Kupchak, Mitch Kupec, Charles Kurz, Rob Kutluay, Ibrahim Kuzmic, Ognjen L jump to top of directory LaCour, Fred LaFrentz, Raef LaGarde, Tom LaRue, Rusty LaRusso, Rudy Lacey, Sam Laettner, Christian Lafayette, Oliver Laimbeer, Bill Lalich, Pete Lamar, Bo Lamb, Doron Lamb, Jeremy Lambert, John Lamp, Jeff Lampe, Maciej Lampley, Jim Lampley, Sean Landry, Carl Landry, Marcus Landsberger, Mark Lane, Jerome Lang, Andrew Lang, Antonio Lang, James Langdon, Trajan Langford, Keith Langhi, Dan Lanier, Bob Lantz, Stu Larese, York Larkin, Shane Laskowski, John Lasme, Stephane Lattin, Dave Lauderdale, Priest Laurel, Rich Lautenbach, Walt Lavelli, Tony Lavoy, Bob Law, Acie Lawal, Gani Lawrence, Ed Lawson, Jason Lawson, Ty Layton, Dennis Leaks, Emanuel Lear, Hal Leavell, Allen Lebo, Jeff Leckner, Eric Ledo, Ricky Lee, Butch Lee, Clyde Lee, Courtney Lee, David Lee, Doug Lee, George Lee, Greg Lee, Keith Lee, Kurk Lee, Malcolm Lee, Rock Lee, Ron Lee, Russell Leede, Ed Lefkowitz, Hank Legler, Tim Lehmann, George Len, Alex Lenard, Voshon Leonard, Bob Leonard, Gary Leonard, Kawhi Leonard, Meyers Les, Jim Leslie, Travis Lester, Ronnie Lett, Clifford Leuer, Jon Levane, Andrew Lever, Lafayette Levingston, Cliff Lewis, Bobby Lewis, Cedric Lewis, Fred Lewis, Freddie Lewis, Grady Lewis, Martin Lewis, Quincy Lewis, Ralph Lewis, Rashard Lewis, Reggie Liberty, Marcus Lichti, Todd Liggins, DeAndre Ligon, Bill Lillard, Damian Lin, Jeremy Lingenfelter, Steve Lister, Alton Livingston, Randy Livingston, Shaun Livingstone, Ron Llamas, Horacio Lloyd, Earl Lloyd, Lewis Lloyd, Scott Lochmueller, Bob Lock, Robert Lockhart, Darrell Lockhart, Ian Loder, Kevin Lofgran, Don Logan, Johnny Lohaus, Brad Long, Art Long, Grant Long, John Long, Paul Longley, Luc Lopez, Brook Lopez, Felipe Lopez, Raul Lopez, Robin Lorthridge, Ryan Loscutoff, Jim Lott, Plummer Loughery, Kevin Love, Bob Love, Kevin Love, Stan Lovellette, Clyde Lowe, Sidney Lowery, Chuck Lowry, Kyle Lucas, Al Lucas, Jerry Lucas, John Lucas, Maurice Lucas III, John Luckenbill, Ted Lue, Tyronn Luisi, Jim Lujack, Al Lumpkin, Phil Lumpp, Ray Lynch, George Lynch, Kevin Lynn, Mike M jump to top of directory MacCulloch, Todd MacGilvray, Ronnie MacLean, Don Macaluso, Mike Macauley, Ed Machado, Scott Macijauskas, Arvydas Mack, Ollie Mack, Sam Mack, Shelvin Mackey, Malcolm Macklin, Rudy Macklin, Vernon Macknowski, Johnny Macon, Mark Macy, Kyle Maddox, Jack Maddox, Tito Madkins, Gerald Madsen, Mark Mager, Norm Maggette, Corey Magley, Dave Magloire, Jamaal Mahinmi, Ian Mahnken, John Mahoney, Francis Mahorn, Rick Majerle, Dan Major, Renaldo Malamed, Lionel Malone, Jeff Malone, Karl Malone, Moses Maloney, Matt Malovic, Steve Manakas, Ted Mandic, John Mangiapane, Frank Manning, Danny Manning, Ed Manning, Richard Mannion, Pace Mantis, Nick Maravich, Pete Maravich, Peter Marble, Roy Marbury, Stephon Marciulionis, Sarunas Mariaschin, Saul Marin, Jack Marion, Shawn Markota, Damir Marks, Sean Marlatt, Harvey Marsh, Eric Marsh, Jim Marshall, Donny Marshall, Donyell Marshall, Kendall Marshall, Rawle Marshall, Tom Marshall, Vester Martin, Bill Martin, Bob Martin, Brian Martin, Cartier Martin, Cuonzo Martin, Darrick Martin, Don Martin, Donald Martin, Fernando Martin, Jeff Martin, Kenyon Martin, Kevin Martin, Larue Martin, Mo Martin, Phil Martin, Ronald Martin, Slater Mashburn, Jamal Masino, Al Mason, Anthony Mason, Desmond Mason Jr., Roger Massenburg, Tony Mast, Eddie Matthews, Wes Matthews, Wesley Maughan, Ariel Maxey, Marlon Maxiell, Jason Maxwell, Cedric Maxwell, Vernon May, Don May, Scott May, Sean Mayberry, Lee Mayes, Clyde Mayes, Tharon Mayfield, Bill Mayfield, Ken Maynor, Eric Mayo, O.J. Mays, Travis Mazza, Matt Mbah a Moute, Luc Mbenga, DJ McAdoo, Bob McBride, Ken McCallum, Ray McCann, Bob McCann, Brendan McCants, Mel McCants, Rashad McCarron, Mike McCarter, Andre McCarter, Willie McCarthy, Johnny McCarty, Howie McCarty, Kelly McCarty, Walter McCaskill, Amal McClain, Dwayne McClain, Ted, Hound Dog McClintock, Dan McCloskey, Jack McCloud, George McCollum, CJ McConathy, John McConnell, Paul McCord, Keith McCormick, Tim McCoy, Jelani McCracken, Paul McCray, Chris McCray, Rodney McCray, Scooter McCullough, John McDaniel, Clint McDaniel, Xavier McDaniels, Jim McDonald, Ben McDonald, Glenn McDonald, Michael McDowell, Hank McDyess, Antonio McElroy, Jim McFarlin, Ivan McGaha, Mel McGee, JaVale McGee, Mike McGill, Bill McGinnis, George McGlocklin, Jon McGrady, Tracy McGregor, Gil McGuire, Al McGuire, Allie McGuire, Dick McGuire, Dominic McHale, Kevin McIlvaine, Jim McInnis, Jeff McIntosh, Kenny McKenna, Kevin McKenzie, Forrest McKenzie, Stan McKey, Derrick McKie, Aaron McKinney, Billy McKinney, Carlton McKinney, Horace McLemore, Ben McLemore, Mccoy McLeod, George McLeod, Keith McLeod, Roshown McMahon, Jack McMillan, Nate McMillen, Tom McMillian, Jim McMillon, Shellie McMullan, Mal McNabb, Chet McNamara, Mark McNamee, Joe McNeal, Jerel McNealy, Chris McNeill, Bob McNeill, Larry McNulty, Carl McPherson, Paul McQueen, Cozell McReynolds, Thales McRoberts, Josh McWilliams, Eric Mearns, George Medvedenko, Slava Mee, Darnell Meeks, Jodie Meely, Cliff Meents, Scott Mehen, Dick Meineke, Don Meinhold, Carl Mekel, Gal Melchionni, Bill Melchionni, Gary Melo, Fab Melvin, Ed Meminger, Dean Mencel, Chuck Mengelt, John Menke, Ken Mensah-Bonsu, Pops Mercer, Ron Meriweather, Joe Meriwether, Porter Meschery, Tom Meyer, Loren Meyers, Dave Miasek, Stan Micheaux, Larry Middleton, Khris Mihalik, Zigmund Mihm, Chris Mikan, Ed Mikan, George Mikan, Larry Mikkelsen, Vern Miksis, Al Miles, Aaron Miles, CJ Miles, Darius Miles, Eddie Milic, Marko Milicic, Darko Militzok, Nat Miller, Andre Miller, Anthony Miller, Bill Miller, Bob Miller, Brad Miller, Darius Miller, Dick Miller, Eddie Miller, Harry Miller, Jay Miller, Mike Miller, Oliver Miller, Quincy Miller, Reggie Miller, Walt Mills, Chris Mills, John Mills, Patty Mills, Terry Millsap, Paul Miner, Harold Minniefield, Dirk Minor, Dave Minor, Greg Minor, Mark Misaka, Wat Miskiri, Jason Mitchell, Mike Mitchell, Murray Mitchell, Sam Mitchell, Todd Mitchell, Tony Mix, Steve Mlkvy, Bill Mobley, Cuttino Mobley, Eric Moffett, Larry Mogus, Leo Mohammed, Nazr Moiso, Jerome Mokeski, Paul Molinas, Jack Molis, Wayne Moncrief, Sidney Money, Eric Monia, Sergei Monroe, Earl Monroe, Greg Monroe, Rodney Montgomery, Howie Montross, Eric Moon, Jamario Mooney, Jim Moore, Andre Moore, E'Twaun Moore, Jackie Moore, Johnny Moore, Lowes Moore, Mikki Moore, Otto Moore, Ron Moore, Tracy Moreland, Jackie Morgan, Guy Morgan, Rex Morgenthaler, Elmo Morningstar, Darren Morris, Chris Morris, Darius Morris, Isaiah Morris, Marcus Morris, Markieff Morris, Max Morris, Randolph Morris, Terence Morrison, Adam Morrison, Dwight Morrison, Mike Morrow, Anthony Morton, Dwayne Morton, John Morton, Richard Mosley, Glenn Moss, Perry Moten, Lawrence Motiejunas, Donatas Mottola, Hanno Moultrie, Arnett Mourning, Alonzo Mozgov, Timofey Mrazovich, Chuck Mueller, Erwin Muhammad, Shabazz Mullaney, Joe Mullens, Bob Mullens, Byron Mullin, Chris Mullins, Jeff Mundt, Todd Munk, Chris Munroe, George Murdock, Eric Muresan, Gheorghe Murphy, Allen Murphy, Calvin Murphy, Dick Murphy, Erik Murphy, Jay Murphy, John Murphy, Kevin Murphy, Ronnie Murphy, Tod Murphy, Troy Murray, Ken Murray, Lamond Murray, Ronald Murray, Tracy Murrey, Dorie Murry, Toure Musi, Angelo Mustaf, Jerrod Mutombo, Dikembe Muursepp, Martin Myers, Pete N jump to top of directory Nene N'Diaye, Makhtar N'Dong, Boniface N'diaye, Mamadou Naber, Bob Nachamkin, Boris Nachbar, Bostjan Nagel, Jerry Nagy, Fred Nailon, Lee Najera, Eduardo Nance, Larry Napolitano, Paul Nash, Bob Nash, Charles Nash, Steve Nater, Swen Nathan, Howard Natt, Calvin Natt, Kenny Naulls, Willie Navarro, Juan Carlos Ndiaye, Hamady Neal, Craig Neal, Gary Neal, Jim Neal, Lloyd Nealy, Ed Nedovic, Nemanja Negratti, Al Nelson, Barry Nelson, DeMarcus Nelson, Don Nelson, Jameer Nelson, Louie Nembhard, Ruben Nesby, Tyrone Nessley, Martin Nesterovic, Rasho Neumann, Johnny Neumann, Paul Nevitt, Chuck Newbern, Melvin Newbill, Ivano Newble, Ira Newlin, Mike Newman, Johnny Newmark, Dave Nichols, Demetris Nichols, Jack Nicholson, Andrew Nickerson, Gaylon Nicks, Carl Niemann, Rich Niemiera, John Niles, Mike Nimphius, Kurt Nix, Dyron Nixon, Norm Noah, Joakim Noble, Chuck Nocioni, Andres Noel, David Noel, Nerlens Noel, Paul Nolan, Jim Nolen, Paul Nordgaard, Jeff Nordmann, Robert Norlander, Johnny Norman, Connie Norman, Ken Norris, Audie Norris, Moochie Norris, Sylvester Norwood, Willie Nostrand, George Noszka, Stan Novak, Mike Novak, Steve Nowell, Mel Nowitzki, Dirk Nunnally, James Nutt, Dennis Nwosu, Julius O jump to top of directory O'Bannon, Charles O'Bannon, Ed O'Boyle, John O'Brien, Bob O'Brien, Buckshot O'Bryant, Patrick O'Connell, Dermie O'Donnell, Andy O'Grady, Francis O'Keefe, Dick O'Keefe, Tommy O'Koren, Mike O'Malley, Grady O'Neal, Jermaine O'Neal, Shaquille O'Neill, Mike O'Quinn, Kyle O'Shea, Kevin O'Shields, Garland O'Sullivan, Dan Oakley, Charles Oberto, Fabricio Oden, Greg Odom, Lamar Ogden, Carlos Ogden, Ralph Ogg, Alan Ohl, Don Ohlbrecht, Tim Okafor, Emeka Okur, Mehmet Oladipo, Victor Olajuwon, Hakeem Olberding, Mark Oldham, Jawann Oldham, Johnny Oleynick, Frank Olive, John Oliver, Brian Oliver, Dean Oliver, Jimmy Ollie, Kevin Ollrich, Gene Olowokandi, Michael Olsen, Enoch Olynyk, Kelly Onuaku, Arinze Orms, Barry Orr, Johnny Orr, Louis Ortiz, Jose Orton, Daniel Osborne, Chuck Osterkorn, Wally Ostertag, Greg Othick, Matt Otten, Don Otten, Mac Outlaw, Bo Outlaw, Travis Overton, Claude Overton, Doug Owens, Andre Owens, Billy Owens, Chris Owens, Eddie Owens, James Owens, Jim Owens, Keith Owens, Larry Owens, Tom Owes, Ray Oyedeji, Olumide P jump to top of directory Pace, Joe Pachulia, Zaza Pack, Robert Paddio, Gerald Padgett, Scott Paine, Fred Palacio, Milt Palazzi, Togo Palmer, Jim Palmer, John Palmer, Walter Panko, Andy Pargo, Jannero Pargo, Jeremy Parham, Estes Parish, Robert Park, Medford Parker, Anthony Parker, Smush Parker, Sonny Parker, Tony Parkinson, Jack Parks, Cherokee Parr, Jack Parrack, Doyle Parsley, Charlie Parsons, Chandler Paspalj, Zarko Passaglia, Marty Pastushok, George A. Patrick, Myles Patrick, Stan Patterson, Andrae Patterson, George Patterson, Patrick Patterson, Ruben Patterson, Steve Patterson, Tommy Patterson, Worthy Paul, Chris Paulk, Charlie Paulson, Jerry Paultz, Billy Pavlovic, Sasha Paxson, Jim Paxson, Jim Paxson, John Payak, Johnny Payne, Kenny Payne, Tom Payton, Gary Payton, Mel Pearcy, George Pearcy, Henry Pecherov, Oleksiy Peck, Wiley Peeler, Anthony Pekovic, Nikola Pelkington, Jake Pellom, Sam Penberthy, Mike Penigar, Desmond Penney, Kirk Peplowski, Mike Perdue, Will Perkins, Kendrick Perkins, Sam Perkins, Warren Perovic, Kosta Perry, Curtis Perry, Elliot Perry, Tim Person, Chuck Person, Wesley Petersen, Jim Petersen, Loy Peterson, Bob Peterson, Ed Peterson, Mel Peterson, Morris Petrie, Geoff Petro, Johan Petrovic, Drazen Petruska, Richard Pettit, Bob Phegley, Roger Phelan, Jack Phelan, Jim Phelps, Derrick Phelps, Mike Phillip, Andy Phillips, Eddie Phillips, Gary Phills, Bobby Piatkowski, Eric Pierce, Paul Pierce, Ricky Pietkiewicz, Stan Pietrus, Mickael Pilch, John Pinckney, Ed Pinkney, Kevinn Pinone, John Piontek, Dave Piotrowski, Tom Pippen, Scottie Pittman, Charlie Pittman, Dexter Planinic, Zoran Plumlee, Mason Plumlee, Miles Plummer, Gary Podkolzin, Pavel Polee, Dwayne Pollard, Jim Pollard, Scot Polson, Ralph Polynice, Olden Pondexter, Cliff Pondexter, Quincy Pope, David Pope, Mark Popson, Dave Poquette, Ben Porter, Chris Porter, Howard Porter, Kevin Porter, Otto Porter, Terry Portman, Bob Posey, James Postell, Lavor Potapenko, Vitaly Powe, Leon Powell, Josh Powell, Kasib Powell, Roger Pressey, Paul Pressey, Phil Pressley, Dominic Pressley, Harold Price, A.J. Price, Brent Price, Jim Price, Mark Price, Mike Price, Ronnie Price, Tony Priddy, Bob Prigioni, Pablo Prince, Tayshaun Pritchard, John Pritchard, Kevin Profit, Laron Pruitt, Gabe Przybilla, Joel Pugh, Les Pugh, Roy Pullard, Anthony Putman, Don Q jump to top of directory Quick, Bob Quinn, Chris Quinnett, Brian R jump to top of directory Rackley, Luke Rader, Howie Radford, Mark Radford, Wayne Radja, Dino Radmanovic, Vladimir Radojevic, Aleksandar Radovich, Frank Radovich, Moe Raduljica, Miroslav Radziszewski, Ray Ragelis, Ray Raiken, Sherwin Rains, Ed Rakocevic, Igor Rambis, Kurt Ramos, Peter Ramsey, Cal Ramsey, Frank Ramsey, Ray Randall, Mark Randolph, Anthony Randolph, Shavlik Randolph, Zach Rank, Wally Ransey, Kelvin Ranzino, Sam Rasmussen, Blair Ratkovicz, George Ratleff, Ed Ratliff, Mike Ratliff, Theo Rautins, Andy Rautins, Leo Ray, Allan Ray, Clifford Ray, Don Ray, Jamesearl Ray, Jim Raymond, Craig Rea, Connie Reaves, Joe Rebraca, Zeljko Recasner, Eldridge Redd, Michael Reddout, Frank Redick, JJ Redmond, Marlon Reed, Hub Reed, Justin Reed, Ron Reed, Willie Reed, Willis Reeves, Bryant Reeves, Khalid Regan, Richie Rehfeldt, Don Reid, Billy Reid, Don Reid, J.R. Reid, Jim Reid, Robert Reid, Ryan Reiner, Jared Reiser, Joseph Rellford, Richard Rencher, Terrence Rennicke, John Rensberger, Rob Rentzias, Efthimios Respert, Shawn Restani, Kevin Reynolds, George Reynolds, Jerry Rhodes, Gene Rhodes, Rodrick Rice, Glen Rice Jr., Glen Richard, Chris Richardson, Clint Richardson, Jason Richardson, Jeremy Richardson, Micheal Ray Richardson, Norman Richardson, Pooh Richardson, Quentin Richmond, Mitch Richter, John Ricketts, Dick Rider, Isaiah Ridgle, Jackie Ridnour, Luke Riebe, Mel Riffey, Jim Rigaudeau, Antoine Riker, Tom Riley, Bob Riley, Eric Riley, Pat Riley, Ron Rinaldi, Rich Riordan, Mike Risen, Arnie Ritter, Goebel Rivas, Ramon Rivers, Austin Rivers, David Rivers, Doc Robbins, Lee Roberson, Andre Roberson, Anthony Roberson, Rick Roberson, Terrance Roberts, Anthony Roberts, Bill Roberts, Brian Roberts, Fred Roberts, Joe Roberts, Lawrence Roberts, Marv Roberts, Stanley Robertson, Alvin Robertson, Oscar Robertson, Ryan Robertson, Tony Robey, Rick Robinson, Bernard Robinson, Chris Robinson, Cliff T. Robinson, Clifford Robinson, David Robinson, Eddie Robinson, Flynn Robinson, Glenn Robinson, Jackie Robinson, Jamal Robinson, James Robinson, Larry Robinson, Nate Robinson, Oliver Robinson, Rumeal Robinson, Thomas Robinson, Truck Robinson, Wayne Robinzine, Bill Robisch, Dave Rocha, Red Roche, John Rock, Gene Rocker, Jack Rodgers, Guy Rodman, Dennis Rodriguez, Sergio Roe, Lou Rogers, Carlos Rogers, Johnny Rogers, Marshall Rogers, Rodney Rogers, Roy Roges, Al Rohloff, Ken Rolle, Magnum Rollins, Kenny Rollins, Phil Rollins, Tree Romar, Lorenzo Rondo, Rajon Rooks, Sean Rose, Derrick Rose, Jalen Rose, Malik Rose, Robert Rosenberg, Alexander Rosenbluth, Lennie Rosenstein, Hank Rosenthal, Dick Ross, Quinton Ross, Terrence Roth, Doug Roth, Scott Rothenberg, Irv Rottner, Mickey Roundfield, Dan Roux, Giff Rowan, Ron Rowe, Curtis Rowinski, Jim Rowland, Derrick Rowsom, Brian Roy, Brandon Royal, Donald Royer, Bob Rozier, Clifford Rubio, Ricky Rucker, Guy Rudd, Delaney Rudd, John Rudometkin, John Ruffin, Michael Ruffin, Trevor Ruffner, Paul Ruklick, Joe Ruland, Jeff Rule, Bob Rullo, Jerry Rusconi, Stefano Rush, Brandon Rush, Kareem Russell, Bill Russell, Bryon Russell, Campy Russell, Cazzie Russell, Frank Russell, Walker Russell, Walker S jump to top of directory Sabonis, Arvydas Sacre, Robert Sadowski, Ed Sailors, Kenny Salley, John Salmons, John Salvadori, Kevin Samake, Soumaila Samb, Cheikh Sampson, Jamal Sampson, Ralph Samuels, Samardo Sanchez, Juan Sanders, Frankie Sanders, Jeff Sanders, Larry Sanders, Melvin Sanders, Mike Sanders, Thomas Santiago, Daniel Santini, Bob Sappleton, Wayne Sasser, Jason Sasser, Jeryl Satterfield, Kenny Saul, Frank Sauldsberry, Woody Saunders, Fred Savage, Don Savovic, Predrag Sawyer, Alan Scalabrine, Brian Scales, Alex Scales, Dewayne Schade, Frank Schadler, Ben Schaefer, Herm Schafer, Bob Scharnus, Ben Schatzman, Marv Schaus, Fred Schayes, Dan Schayes, Dolph Schectman, Ossie Scheffler, Steve Scheffler, Tom Schellhase, Dave Schenscher, Luke Scherer, Herb Schintzius, Dwayne Schlueter, Dale Schnellbacher, Otto Schnittker, Dick Schoene, Russ Scholz, Dave Schoon, Milt Schrempf, Detlef Schroder, Dennis Schultz, Howie Schulz, Dick Schweitz, John Scola, Luis Scolari, Freddie Scott, Alvin Scott, Brent Scott, Byron Scott, Charlie Scott, Dennis Scott, James Scott, Mike Scott, Ray Scott, Shawnelle Scurry, Carey Seals, Bruce Seals, Shea Sealy, Malik Searcy, Ed Sears, Ken See, Wayne Sefolosha, Thabo Seikaly, Rony Selbo, Glen Selby, Josh Sellers, Brad Sellers, Phil Seltz, Rollie Selvy, Frank Seminoff, Jim Sene, Mouhamed Senesky, George Seraphin, Kevin Sesay, Ansu Sessions, Ramon Seung-Jin, Ha Sewell, Tom Seymour, Paul Shaback, Nick Shackleford, Charles Shaeffer, Carl Shaffer, Lee Shakur, Mustafa Shammgod, God Shannon, Earl Shannon, Howie Share, Charlie Sharman, Bill Sharpe, Walter Shasky, John Shavlik, Ron Shaw, Brian Shaw, Casey Shea, Bob Sheffield, Fred Shelton, Craig Shelton, Lonnie Shengelia, Tornike Sheppard, Jeff Sheppard, Steve Sherod, Edmund Shipp, Charlie Shirley, Paul Short, Gene Short, Purvis Shouse, Dexter Shrider, Dick Shue, Gene Shumate, John Shumpert, Iman Shved, Alexey Sibert, Sam Sibley, Mark Sichting, Jerry Siegfried, Larry Siewert, Ralph Sikma, Jack Silas, James Silas, Paul Silas, Xavier Siler, Garret Silliman, Mike Simien, Wayne Simmons, Bobby Simmons, Cedric Simmons, Connie Simmons, Johnny Simmons, Lionel Simon, Miles Simpkins, Dickey Simpson, Diamon Simpson, Ralph Sims, Alvin Sims, Bob Sims, Courtney Sims, Doug Sims, Henry Sims, Scott Singler, Kyle Singletary, Sean Singleton, Chris Singleton, James Singleton, Mckinley Sinicola, Zeke Sitton, Charlie Siva, Peyton Skiles, Scott Skinner, Al Skinner, Brian Skinner, Talvin Skoog, Whitey Slade, Jeff Slater, Reggie Slaughter, Jim Slaughter, Jose Slay, Tamar Sloan, Donald Sloan, Jerry Slokar, Uros Sluby, Tom Smart, Keith Smawley, Belus Smiley, Jack Smith, Adrian Smith, Bill Smith, Bill Smith, Bingo Smith, Bobby Smith, Charles Smith, Charles Smith, Charles Smith, Chris Smith, Chris Smith, Clinton Smith, Craig Smith, Deb Smith, Derek Smith, Don Smith, Donald Smith, Donta Smith, Doug Smith, Ed Smith, Elmore Smith, Garfield Smith, Greg Smith, Greg Smith, Ish Smith, J.R. Smith, Jabari Smith, Jason Smith, Jerry Smith, Jim Smith, Joe Smith, Josh Smith, Keith Smith, Kenny Smith, Labradford Smith, Larry Smith, Leon Smith, Michael Smith, Michael Smith, Mike Smith, Nolan Smith, Otis Smith, Phil Smith, Randy Smith, Reggie Smith, Robert Smith, Sammy Smith, Steven Smith, Steven Smith, Stevin Smith, Theron Smith, Tony Smith, Willie Smits, Rik Smrek, Mike Smyth, Joe Snell, Tony Snow, Eric Snyder, Dick Snyder, Kirk Sobek, George Sobers, Ricky Sobie, Ron Sojourner, Mike Solomon, Will Somerset, Willie Songaila, Darius Sorenson, Dave Southerland, James Sovran, Gino Sow, Pape Spanarkel, Jim Spanoulis, Vassilis Sparrow, Guy Sparrow, Rory Spears, Odie Spector, Art Speights, Marreese Spencer, Andre Spencer, Elmore Spencer, Felton Spicer, Lou Spitzer, Craig Splitter, Tiago Spoelstra, Art Sprewell, Latrell Spriggs, Larry Springer, Jim Spruill, Jim Stack, Ryan Stackhouse, Jerry Stacom, Kevin Stallworth, Dave Stallworth, Isaac Stanczak, Ed Stansbury, Terence Starks, John Starr, Keith Staverman, Larry Steele, Larry Steigenga, Matt Stepania, Vladimir Stephens, Everette Stephens, Jack Stephens, Joe Stephenson, Lance Steppe, Brook Stevens, Barry Stevens, Wayne Stevenson, DeShawn Stewart, Dennis Stewart, Kebu Stewart, Larry Stewart, Michael Stewart, Norm Stiemsma, Greg Stipanovich, Steve Stith, Bryant Stith, Sam Stith, Tom Stivrins, Alex Stockton, John Stojakovic, Peja Stokes, Ed Stokes, Greg Stokes, Maurice Stolkey, Art Stone, Julyan Storey, Awvee Stoudamire, Damon Stoudamire, Salim Stoudemire, Amar'e Stovall, Paul Strawberry, DJ Strawder, Joe Stricker, Bill Strickland, Erick Strickland, Mark Strickland, Rod Strickland, Roger Stroeder, John Strong, Derek Strothers, Lamont Stroud, John Stuckey, Rodney Stump, Gene Stutz, Stan Suiter, Gary Sullinger, Jared Summers, DaJuan Sumpter, Barry Sunderlage, Don Sundov, Bruno Sundvold, Jon Sura, Bob Surhoff, Dick Suttle, Dane Sutton, Greg Swain, Bennie Swanson, Norm Swartz, Dan Sweetney, Michael Swift, Robert Swift, Stromile Swinson, Aaron Sy, Pape Sydnor, Wallace Sykes, Larry Szabo, Brett Szczerbiak, Wally T jump to top of directory Tabak, Zan Tabuse, Yuta Taft, Chris Tannenbaum, Sid Tarlac, Dragan Tarpley, Roy Tatum, Earl Taylor, Anthony Taylor, Brian Taylor, Donell Taylor, Fred Taylor, Jay Taylor, Jeff Taylor, Jeff Taylor, Jermaine Taylor, Johnny Taylor, Leonard Taylor, Maurice Taylor, Mike Taylor, Roland Taylor, Tyshawn Taylor, Vince Teagle, Terry Teague, Jeff Teague, Marquis Teletovic, Mirza Telfair, Sebastian Temple, Garrett Terrell, Ira Terry, Carlos Terry, Chuck Terry, Claude Terry, Jason Thabeet, Hasheem Thacker, Tom Theus, Reggie Thibeaux, Peter Thieben, Bill Thigpen, Justus Thirdkill, David Thomas, Billy Thomas, Carl Thomas, Charles Thomas, Etan Thomas, Irving Thomas, Isaiah Thomas, Isiah Thomas, Jamel Thomas, James Thomas, Jim Thomas, Joe Thomas, John Thomas, Kenny Thomas, Kurt Thomas, Lance Thomas, Malcolm Thomas, Terry Thomas, Tim Thomas, Tyrus Thompkins, Trey Thompson, Bernard Thompson, Billy Thompson, Brooks Thompson, Corny Thompson, David Thompson, Dijon Thompson, George Thompson, Hollis Thompson, Jason Thompson, John Thompson, Kevin Thompson, Klay Thompson, LaSalle Thompson, Mychal Thompson, Mychel Thompson, Paul Thompson, Stephen Thompson, Tristan Thorn, Rod Thornton, Al Thornton, Bob Thornton, Marcus Thorpe, Otis Threatt, Sedale Thurmond, Nate Thurston, Mel Tidrick, Howard Tieman, Dan Tillis, Darren Tingle, Jack Tinsley, Jamaal Tisdale, Wayman Todorovich, Marko Tolbert, Ray Tolbert, Tom Tolliver, Anthony Tolson, Dean Tomjanovich, Rudy Toney, Andrew Toney, Sedric Tonkovich, Andy Toolson, Andy Toomay, Jack Toone, Bernard Torgoff, Irv Tormohlen, Gene Torres, Oscar Tosheff, Bill Tough, Bob Towe, Monte Tower, Keith Towery, William Townes, Linton Townsend, Raymond Trapp, George Trapp, John Traylor, Robert Trent, Gary Trepagnier, Jeff Tresvant, John Triptow, Dick Tripucka, Kelly Trybanski, Cezary Tsakalidis, Jake Tschogl, John Tsioropoulos, Lou Tskitishvili, Nikoloz Tucker, Al Tucker, Alando Tucker, Anthony Tucker, Jim Tucker, PJ Tucker, Trent Turiaf, Ronny Turkcan, Mirsad Turkoglu, Hedo Turner, Andre Turner, Bill Turner, Elston Turner, Evan Turner, Henry Turner, Jack Turner, Jack Turner, Jeff Turner, John Turner, Wayne Turpin, Mel Twardzik, Dave Twyman, Jack Tyler, B.J. Tyler, Jeremy Tyler, Terry Tyra, Charlie U jump to top of directory Ubiles, Edwin Udoh, Ekpe Udoka, Ime Udrih, Beno Ukic, Roko Leni Unseld, Wes Uplinger, Hal Upshaw, Kelvin Uzoh, Ben V jump to top of directory Vaden, Robert Valanciunas, Jonas Valentine, Darnell Valentine, Ron Vallely, John Van Arsdale, Dick Van Arsdale, Tom Van Breda Kolff, Butch Van Breda Kolff, Jan Van Exel, Nick Van Horn, Keith Van Lier, Norm Vance, Gene Vander Velden, Log Vandeweghe, Ernie Vandeweghe, Kiki Vanos, Nick Vanterpool, David Varda, Ratko Varejao, Anderson Varnado, Jarvis Vasquez, Greivis Vaughn, Charles Vaughn, David Vaughn, Jacque Vaughn, Virgil Vaught, Loy Verga, Bob Verhoeven, Peter Vesely, Jan Vetra, Gundars Vianna, Joao Villanueva, Charlie Vincent, Jay Vincent, Sam Vinicius, Marcus Vinson, Fred Voce, Gary Volker, Floyd Volkov, Alexander Von Nieda, Whitey Voskuhl, Jake Vranes, Danny Vranes, Slavko Vrankovic, Stojko Vroman, Brett Vroman, Jackson Vucevic, Nikola Vujacic, Sasha W jump to top of directory Wade, Dwyane Wade, Mark Wafer, Von Wager, Clint Wagner, Dajuan Wagner, Danny Wagner, Milt Waiters, Dion Waiters, Granville Wakefield, Andre Walk, Neal Walker, Andy Walker, Antoine Walker, Brady Walker, Chet Walker, Darrell Walker, Foots Walker, Henry Walker, Horace Walker, Jimmy Walker, Kemba Walker, Kenny Walker, Phil Walker, Samaki Walker, Wally Wall, John Wallace, Ben Wallace, Gerald Wallace, John Wallace, Michael Wallace, Rasheed Waller, Dwight Waller, Jamie Walsh, Jim Walsh, Matt Walters, Rex Walther, Paul Walthour, Rabbit Walton, Bill Walton, Lloyd Walton, Luke Wanzer, Bobby Warbington, Perry Ward, Charlie Ward, Gerry Ward, Henry Ware, Jim Warley, Ben Warlick, Bob Warner, Cornell Warren, Johnny Warren, Willie Warrick, Bryan Warrick, Hakim Washburn, Chris Washington, Bobby Washington, Darius Washington, Duane Washington, Dwayne Washington, Eric Washington, Jim Washington, Kermit Washington, Richard Washington, Stan Washington, Wilson Watkins, Darryl Watson, CJ Watson, Earl Watson, Jamie Watts, Ron Watts, Slick Wayns, Maalik Weatherspoon, Clar. Weatherspoon, Nick Weaver, Kyle Webb, Jeff Webb, Marcus Webb, Spud Webber, Chris Weber, Forest Webster, Jeff Webster, Martell Webster, Marvin Wedman, Scott Weems, Sonny Wehr, Dick Weidner, Brant Weiss, Bob Weitzman, Rick Wells, Bonzi Wells, Bubba Wells, Owen Wells, Ralph Welp, Chris Welsch, Jiri Wennington, Bill Wenstrom, Matt Werdann, Robert Wertis, Ray Wesley, David Wesley, Walt West, David West, Delonte West, Doug West, Jerry West, Mario West, Mark West, Roland Westbrook, Russell Westphal, Paul Wetzel, John Whaley, Robert Whatley, Ennis Wheat, DeJuan Wheeler, Clinton Wheeler, Tyson Whitaker, Lucian White, DJ White, Eric White, Herb White, Hubie White, Jahidi White, James White, Jojo White, Randy White, Rodney White, Rory White, Royce White, Rudy White, Terrico White, Tony White, Willie Whitehead, Jerome Whiteside, Donald Whiteside, Hassan Whitfield, Dwayne Whitney, Charles Whitney, Chris Wicks, Sidney Wier, Murray Wiesenhahn, Bob Wiggins, Mitchell Wilburn, Ken Wilcox, Chris Wilcutt, D.C. Wiley, Gene Wiley, Michael Wiley, Morlon Wilfong, Win Wilkens, Lenny Wilkerson, Bob Wilkes, Jamaal Wilkes, James Wilkins, Damien Wilkins, Dominique Wilkins, Eddielee Wilkins, Gerald Wilkins, Jeff Wilkinson, Dale Wilks, Mike Williams, Aaron Williams, Alvin Williams, Arthur Williams, Bernie Williams, Bob Williams, Brandon Williams, Buck Williams, Chuck Williams, Chuckie Williams, Cliff Williams, Corey Williams, Deron Williams, Derrick Williams, Don Williams, Earl Williams, Elliot Williams, Eric Williams, Frank Williams, Freeman Williams, Gus Williams, Guy Williams, Herb Williams, Hot Rod Williams, Jason Williams, Jawad Williams, Jay Williams, Jayson Williams, Jerome Williams, John Williams, Jordan Williams, Justin Williams, Kenny Williams, Kevin Williams, Lorenzo Williams, Louis Williams, Marcus Williams, Marcus Williams, Marvin Williams, Micheal Williams, Mike Williams, Milt Williams, Mo Williams, Monty Williams, Nate Williams, Pete Williams, Ray Williams, Reggie Williams, Reggie Williams, Rickey Williams, Rob Williams, Ron Williams, Sam Williams, Samuel Williams, Scott Williams, Sean Williams, Shammond Williams, Shawne Williams, Shelden Williams, Sly Williams, Terrence Williams, Travis Williams, Walt Williams, Ward Williams, Willie Williamson, Corliss Williamson, John Willis, Kevin Willoughby, Bill Willoughby, Dedric Wilson, Bob Wilson, Bobby Wilson, George Wilson, Isaiah Wilson, Mike Wilson, Nikita Wilson, Othell Wilson, Rick Wilson, Ricky Wilson, Thomas Wilson, Trevor Winchester, Kennard Windis, Tony Windsor, John Winfield, Lee Wingate, David Wingfield, Dontonio Wingo, Harthorne Winkler, Marv Winslow, Rickie Winter, Trevor Winters, Brian Winters, Voise Wise, Willie Withey, Jeff Witte, Luke Wittman, Randy Witts, Garry Wohl, Dave Wolf, Joe Wolkowyski, Ruben Wolters, Nate Wood, Al Wood, Bob Wood, David Wood, Howard Wood, Leon Woods, Loren Woods, Qyntel Woods, Randy Woodson, Mike Woolridge, Orlando Workman, Haywoode Workman, Mark Workman, Tom World Peace, Metta Worthen, Sam Worthy, James Wright, Antoine Wright, Bracey Wright, Brad Wright, Brandan Wright, Chris Wright, Chris Wright, Dorell Wright, Howard Wright, Joby Wright, Julian Wright, Larry Wright, Lorenzen Wright, Luther Wright, Sharone Wroten, Tony Wynder, A.J. X jump to top of directory Y jump to top of directory Yao Ming Yarbrough, Vincent Yardley, George Yates, Barry Yates, Wayne Yelverton, Charlie Yi Jianlian Yonakor, Rich Young, Danny Young, Korleone Young, Michael Young, Nick Young, Perry Young, Sam Young, Thaddeus Young, Tim Yue, Sun Z jump to top of directory Zaslofsky, Max Zawoluk, Robert Zeller, Cody Zeller, Dave Zeller, Gary Zeller, Hank Zeller, Luke Zeller, Tyler Zeno, Tony Zevenbergen, Phil Zhi-zhi, Wang Zidek, George Zimmerman, Derrick Zoet, Jim Zopf, Bill Zunic, Matt Basketball Top 20 NetTop20.com 1 2 3 4 5 6 7 8 9 10 InsideHoops 11 12 13 14 WNBA.com 15 16 AllSports.com - NBA 17 18 HoopsWorld 19 20 Entertainment Internet Music Computers Games Travel Sport Shopping Auction sites New Auto Sales Pet Supplies Stores Web Hosting Free Web Hosting Cheap Web Hosting Business Home About FAQ | Terms of use Close Ad NBA FAN'S RING Its easy to join. Just submit your site and you will be taken to a page with the exact html code,already with your site id and e mail address added. Simply copy and paste it into your site. You must have the ring code on the page that you submited to the queue,before your site will be added to the ring. Once you add the code just email the ringmaster at mclayton@ispchannel.com Submit site to NBA FAN'S RING Owner's Name: Site Title: Site URL: E-mail: Password: Please choose a password. (Don't forget it!!) Keywords: Enter up to 20 keywords to describe your site. Description: Enter a short description of your site. This is for members only. Site ID: Password: This site was created 10/17/97 NBA FAN'S RING site is owned by mclay NBA FAN'S RING ? Skip Prev Prev Next Skip Next Random Next 5 List Sites NBA FAN'S RING is a TOP SPORTS WEBRING WebRing! Skip Prev Prev Prev 5 Random Skip Next Next Next 5 List Sites Baseball Hockey Football Basketball General Other Regional/City Ring Mistress Ring mclay . Previous Next ] Random List ] mclayton@tsixroads.com Also check out my NBA page World Champion Chicago Bulls and my Kobe Bryant Fan Page. 
